pair_id,feature_1,feature_2,pair_name,rf_accuracy,rf_balanced_accuracy,rf_f1_macro,rf_recall_low,rf_recall_high,rf_auc,lr_accuracy,lr_balanced_accuracy,lr_f1_macro,lr_recall_low,lr_recall_high,lr_auc
1,comment_rate,grass_ratio,comment_rate + grass_ratio,0.391304347826087,0.32142857142857145,0.28125,0.0,0.6428571428571429,0.373015873015873,0.5652173913043478,0.4642857142857143,0.3611111111111111,0.0,0.9285714285714286,0.0
2,comment_rate,question_ratio,comment_rate + question_ratio,0.5217391304347826,0.48809523809523814,0.486815415821501,0.3333333333333333,0.6428571428571429,0.3412698412698413,0.6956521739130435,0.6309523809523809,0.6247086247086246,0.3333333333333333,0.9285714285714286,0.5873015873015873
3,comment_rate,exclamation_ratio,comment_rate + exclamation_ratio,0.4782608695652174,0.4126984126984127,0.3839285714285714,0.1111111111111111,0.7142857142857143,0.2698412698412698,0.5217391304347826,0.42857142857142855,0.34285714285714286,0.0,0.8571428571428571,0.0
4,comment_rate,sentiment_polarity,comment_rate + sentiment_polarity,0.34782608695652173,0.2857142857142857,0.25806451612903225,0.0,0.5714285714285714,0.10317460317460318,0.5652173913043478,0.4642857142857143,0.3611111111111111,0.0,0.9285714285714286,0.14285714285714285
5,comment_rate,subtitle_sentiment_polarity,comment_rate + subtitle_sentiment_polarity,0.30434782608695654,0.25,0.23333333333333334,0.0,0.5,0.23015873015873017,0.391304347826087,0.32142857142857145,0.28125,0.0,0.6428571428571429,0.20634920634920637
6,comment_rate,pause_ratio,comment_rate + pause_ratio,0.5652173913043478,0.503968253968254,0.48660714285714285,0.2222222222222222,0.7857142857142857,0.3253968253968254,0.5652173913043478,0.503968253968254,0.48660714285714285,0.2222222222222222,0.7857142857142857,0.373015873015873
7,comment_rate,speech_rate,comment_rate + speech_rate,0.5217391304347826,0.4484126984126984,0.41025641025641024,0.1111111111111111,0.7857142857142857,0.5,0.6086956521739131,0.5595238095238095,0.5548387096774194,0.3333333333333333,0.7857142857142857,0.5555555555555556
8,comment_rate,sub_comment_similarity,comment_rate + sub_comment_similarity,0.5217391304347826,0.4484126984126984,0.41025641025641024,0.1111111111111111,0.7857142857142857,0.18253968253968259,0.5652173913043478,0.4642857142857143,0.3611111111111111,0.0,0.9285714285714286,0.23015873015873017
9,comment_rate,comment_semantic_variance,comment_rate + comment_semantic_variance,0.5652173913043478,0.503968253968254,0.48660714285714285,0.2222222222222222,0.7857142857142857,0.46031746031746035,0.5217391304347826,0.4484126984126984,0.41025641025641024,0.1111111111111111,0.7857142857142857,0.42063492063492064
10,comment_rate,hm_mean,comment_rate + hm_mean,0.5217391304347826,0.4484126984126984,0.41025641025641024,0.1111111111111111,0.7857142857142857,0.24603174603174607,0.4782608695652174,0.39285714285714285,0.3235294117647059,0.0,0.7857142857142857,0.25396825396825395
11,comment_rate,hm_max,comment_rate + hm_max,0.4782608695652174,0.4126984126984127,0.3839285714285714,0.1111111111111111,0.7142857142857143,0.29365079365079366,0.43478260869565216,0.35714285714285715,0.30303030303030304,0.0,0.7142857142857143,0.38888888888888895
12,comment_rate,hm_volatility,comment_rate + hm_volatility,0.391304347826087,0.3412698412698413,0.32916666666666666,0.1111111111111111,0.5714285714285714,0.2857142857142857,0.6086956521739131,0.5,0.3783783783783784,0.0,1.0,0.0
13,grass_ratio,question_ratio,grass_ratio + question_ratio,0.5652173913043478,0.5238095238095238,0.5208333333333333,0.3333333333333333,0.7142857142857143,0.5714285714285714,0.5652173913043478,0.5238095238095238,0.5208333333333333,0.3333333333333333,0.7142857142857143,0.5555555555555556
14,grass_ratio,exclamation_ratio,grass_ratio + exclamation_ratio,0.43478260869565216,0.3968253968253968,0.3935091277890467,0.2222222222222222,0.5714285714285714,0.39682539682539686,0.5652173913043478,0.4642857142857143,0.3611111111111111,0.0,0.9285714285714286,0.0
15,grass_ratio,sentiment_polarity,grass_ratio + sentiment_polarity,0.4782608695652174,0.43253968253968256,0.425,0.2222222222222222,0.6428571428571429,0.4126984126984127,0.5217391304347826,0.42857142857142855,0.34285714285714286,0.0,0.8571428571428571,0.10317460317460317
16,grass_ratio,subtitle_sentiment_polarity,grass_ratio + subtitle_sentiment_polarity,0.391304347826087,0.32142857142857145,0.28125,0.0,0.6428571428571429,0.2936507936507937,0.391304347826087,0.32142857142857145,0.28125,0.0,0.6428571428571429,0.2777777777777778
17,grass_ratio,pause_ratio,grass_ratio + pause_ratio,0.6086956521739131,0.5595238095238095,0.5548387096774194,0.3333333333333333,0.7857142857142857,0.4761904761904763,0.4782608695652174,0.39285714285714285,0.3235294117647059,0.0,0.7857142857142857,0.43650793650793646
18,grass_ratio,speech_rate,grass_ratio + speech_rate,0.5652173913043478,0.5436507936507937,0.5436507936507937,0.4444444444444444,0.6428571428571429,0.5555555555555556,0.6086956521739131,0.5595238095238095,0.5548387096774194,0.3333333333333333,0.7857142857142857,0.5952380952380952
19,grass_ratio,sub_comment_similarity,grass_ratio + sub_comment_similarity,0.4782608695652174,0.45238095238095233,0.45238095238095233,0.3333333333333333,0.5714285714285714,0.4126984126984127,0.5652173913043478,0.4642857142857143,0.3611111111111111,0.0,0.9285714285714286,0.0
20,grass_ratio,comment_semantic_variance,grass_ratio + comment_semantic_variance,0.5652173913043478,0.5238095238095238,0.5208333333333333,0.3333333333333333,0.7142857142857143,0.5238095238095238,0.5217391304347826,0.4484126984126984,0.41025641025641024,0.1111111111111111,0.7857142857142857,0.48412698412698413
21,grass_ratio,hm_mean,grass_ratio + hm_mean,0.5652173913043478,0.5238095238095238,0.5208333333333333,0.3333333333333333,0.7142857142857143,0.5158730158730158,0.4782608695652174,0.39285714285714285,0.3235294117647059,0.0,0.7857142857142857,0.24603174603174605
22,grass_ratio,hm_max,grass_ratio + hm_max,0.6521739130434783,0.6349206349206349,0.6349206349206349,0.5555555555555556,0.7142857142857143,0.5476190476190477,0.43478260869565216,0.35714285714285715,0.30303030303030304,0.0,0.7142857142857143,0.42857142857142855
23,grass_ratio,hm_volatility,grass_ratio + hm_volatility,0.6086956521739131,0.5595238095238095,0.5548387096774194,0.3333333333333333,0.7857142857142857,0.4523809523809524,0.6086956521739131,0.5,0.3783783783783784,0.0,1.0,0.0
24,question_ratio,exclamation_ratio,question_ratio + exclamation_ratio,0.6956521739130435,0.6507936507936507,0.6537634408602151,0.4444444444444444,0.8571428571428571,0.5238095238095238,0.5652173913043478,0.5436507936507937,0.5436507936507937,0.4444444444444444,0.6428571428571429,0.6666666666666667
25,question_ratio,sentiment_polarity,question_ratio + sentiment_polarity,0.6086956521739131,0.5595238095238095,0.5548387096774194,0.3333333333333333,0.7857142857142857,0.5873015873015873,0.782608695652174,0.7420634920634921,0.7526881720430108,0.5555555555555556,0.9285714285714286,0.6984126984126984
26,question_ratio,subtitle_sentiment_polarity,question_ratio + subtitle_sentiment_polarity,0.5652173913043478,0.5238095238095238,0.5208333333333333,0.3333333333333333,0.7142857142857143,0.6031746031746031,0.5652173913043478,0.5238095238095238,0.5208333333333333,0.3333333333333333,0.7142857142857143,0.6031746031746031
27,question_ratio,pause_ratio,question_ratio + pause_ratio,0.6956521739130435,0.6706349206349207,0.6734279918864097,0.5555555555555556,0.7857142857142857,0.6904761904761905,0.6086956521739131,0.5595238095238095,0.5548387096774194,0.3333333333333333,0.7857142857142857,0.6904761904761905
28,question_ratio,speech_rate,question_ratio + speech_rate,0.6956521739130435,0.6507936507936507,0.6537634408602151,0.4444444444444444,0.8571428571428571,0.6666666666666666,0.782608695652174,0.7420634920634921,0.7526881720430108,0.5555555555555556,0.9285714285714286,0.7301587301587302
29,question_ratio,sub_comment_similarity,question_ratio + sub_comment_similarity,0.6521739130434783,0.6150793650793651,0.6166666666666667,0.4444444444444444,0.7857142857142857,0.5555555555555556,0.6086956521739131,0.5595238095238095,0.5548387096774194,0.3333333333333333,0.7857142857142857,0.5952380952380952
30,question_ratio,comment_semantic_variance,question_ratio + comment_semantic_variance,0.6521739130434783,0.5952380952380952,0.5892857142857143,0.3333333333333333,0.8571428571428571,0.6031746031746031,0.6956521739130435,0.6507936507936507,0.6537634408602151,0.4444444444444444,0.8571428571428571,0.7222222222222221
31,question_ratio,hm_mean,question_ratio + hm_mean,0.5652173913043478,0.503968253968254,0.48660714285714285,0.2222222222222222,0.7857142857142857,0.5555555555555556,0.6956521739130435,0.6507936507936507,0.6537634408602151,0.4444444444444444,0.8571428571428571,0.6904761904761905
32,question_ratio,hm_max,question_ratio + hm_max,0.5652173913043478,0.503968253968254,0.48660714285714285,0.2222222222222222,0.7857142857142857,0.5317460317460317,0.6521739130434783,0.6150793650793651,0.6166666666666667,0.4444444444444444,0.7857142857142857,0.6746031746031746
33,question_ratio,hm_volatility,question_ratio + hm_volatility,0.4782608695652174,0.45238095238095233,0.45238095238095233,0.3333333333333333,0.5714285714285714,0.45238095238095244,0.5652173913043478,0.5238095238095238,0.5208333333333333,0.3333333333333333,0.7142857142857143,0.5555555555555556
34,exclamation_ratio,sentiment_polarity,exclamation_ratio + sentiment_polarity,0.4782608695652174,0.43253968253968256,0.425,0.2222222222222222,0.6428571428571429,0.30952380952380953,0.43478260869565216,0.35714285714285715,0.30303030303030304,0.0,0.7142857142857143,0.15873015873015872
35,exclamation_ratio,subtitle_sentiment_polarity,exclamation_ratio + subtitle_sentiment_polarity,0.6521739130434783,0.6349206349206349,0.6349206349206349,0.5555555555555556,0.7142857142857143,0.6984126984126984,0.391304347826087,0.32142857142857145,0.28125,0.0,0.6428571428571429,0.2857142857142857
36,exclamation_ratio,pause_ratio,exclamation_ratio + pause_ratio,0.4782608695652174,0.4126984126984127,0.3839285714285714,0.1111111111111111,0.7142857142857143,0.4920634920634921,0.4782608695652174,0.39285714285714285,0.3235294117647059,0.0,0.7857142857142857,0.49206349206349204
37,exclamation_ratio,speech_rate,exclamation_ratio + speech_rate,0.6086956521739131,0.5793650793650793,0.5801217038539555,0.4444444444444444,0.7142857142857143,0.6984126984126984,0.6086956521739131,0.5595238095238095,0.5548387096774194,0.3333333333333333,0.7857142857142857,0.626984126984127
38,exclamation_ratio,sub_comment_similarity,exclamation_ratio + sub_comment_similarity,0.4782608695652174,0.43253968253968256,0.425,0.2222222222222222,0.6428571428571429,0.30158730158730157,0.5652173913043478,0.4642857142857143,0.3611111111111111,0.0,0.9285714285714286,0.0
39,exclamation_ratio,comment_semantic_variance,exclamation_ratio + comment_semantic_variance,0.6086956521739131,0.5595238095238095,0.5548387096774194,0.3333333333333333,0.7857142857142857,0.5714285714285714,0.5652173913043478,0.503968253968254,0.48660714285714285,0.2222222222222222,0.7857142857142857,0.48412698412698413
40,exclamation_ratio,hm_mean,exclamation_ratio + hm_mean,0.5217391304347826,0.4484126984126984,0.41025641025641024,0.1111111111111111,0.7857142857142857,0.39682539682539686,0.4782608695652174,0.39285714285714285,0.3235294117647059,0.0,0.7857142857142857,0.30158730158730157
41,exclamation_ratio,hm_max,exclamation_ratio + hm_max,0.5217391304347826,0.48809523809523814,0.486815415821501,0.3333333333333333,0.6428571428571429,0.5079365079365079,0.4782608695652174,0.4126984126984127,0.3839285714285714,0.1111111111111111,0.7142857142857143,0.42063492063492064
42,exclamation_ratio,hm_volatility,exclamation_ratio + hm_volatility,0.5217391304347826,0.46825396825396826,0.4559139784946237,0.2222222222222222,0.7142857142857143,0.4761904761904762,0.5652173913043478,0.4642857142857143,0.3611111111111111,0.0,0.9285714285714286,0.0
43,sentiment_polarity,subtitle_sentiment_polarity,sentiment_polarity + subtitle_sentiment_polarity,0.5652173913043478,0.5238095238095238,0.5208333333333333,0.3333333333333333,0.7142857142857143,0.31746031746031744,0.4782608695652174,0.4126984126984127,0.3839285714285714,0.1111111111111111,0.7142857142857143,0.3968253968253968
44,sentiment_polarity,pause_ratio,sentiment_polarity + pause_ratio,0.5652173913043478,0.5238095238095238,0.5208333333333333,0.3333333333333333,0.7142857142857143,0.40476190476190477,0.5217391304347826,0.48809523809523814,0.486815415821501,0.3333333333333333,0.6428571428571429,0.5079365079365079
45,sentiment_polarity,speech_rate,sentiment_polarity + speech_rate,0.6086956521739131,0.5793650793650793,0.5801217038539555,0.4444444444444444,0.7142857142857143,0.5555555555555556,0.6086956521739131,0.5793650793650793,0.5801217038539555,0.4444444444444444,0.7142857142857143,0.5952380952380953
46,sentiment_polarity,sub_comment_similarity,sentiment_polarity + sub_comment_similarity,0.5217391304347826,0.46825396825396826,0.4559139784946237,0.2222222222222222,0.7142857142857143,0.25396825396825395,0.5217391304347826,0.42857142857142855,0.34285714285714286,0.0,0.8571428571428571,0.17460317460317462
47,sentiment_polarity,comment_semantic_variance,sentiment_polarity + comment_semantic_variance,0.6956521739130435,0.6706349206349207,0.6734279918864097,0.5555555555555556,0.7857142857142857,0.5555555555555556,0.6086956521739131,0.5595238095238095,0.5548387096774194,0.3333333333333333,0.7857142857142857,0.5158730158730158
48,sentiment_polarity,hm_mean,sentiment_polarity + hm_mean,0.6521739130434783,0.5952380952380952,0.5892857142857143,0.3333333333333333,0.8571428571428571,0.3650793650793651,0.391304347826087,0.32142857142857145,0.28125,0.0,0.6428571428571429,0.38095238095238093
49,sentiment_polarity,hm_max,sentiment_polarity + hm_max,0.5217391304347826,0.48809523809523814,0.486815415821501,0.3333333333333333,0.6428571428571429,0.4444444444444445,0.5217391304347826,0.46825396825396826,0.4559139784946237,0.2222222222222222,0.7142857142857143,0.47619047619047616
50,sentiment_polarity,hm_volatility,sentiment_polarity + hm_volatility,0.4782608695652174,0.43253968253968256,0.425,0.2222222222222222,0.6428571428571429,0.35714285714285715,0.5217391304347826,0.42857142857142855,0.34285714285714286,0.0,0.8571428571428571,0.1904761904761905
51,subtitle_sentiment_polarity,pause_ratio,subtitle_sentiment_polarity + pause_ratio,0.5652173913043478,0.5238095238095238,0.5208333333333333,0.3333333333333333,0.7142857142857143,0.4126984126984127,0.5217391304347826,0.48809523809523814,0.486815415821501,0.3333333333333333,0.6428571428571429,0.380952380952381
52,subtitle_sentiment_polarity,speech_rate,subtitle_sentiment_polarity + speech_rate,0.6521739130434783,0.6349206349206349,0.6349206349206349,0.5555555555555556,0.7142857142857143,0.5396825396825398,0.6086956521739131,0.5595238095238095,0.5548387096774194,0.3333333333333333,0.7857142857142857,0.626984126984127
53,subtitle_sentiment_polarity,sub_comment_similarity,subtitle_sentiment_polarity + sub_comment_similarity,0.34782608695652173,0.2857142857142857,0.25806451612903225,0.0,0.5714285714285714,0.14285714285714288,0.391304347826087,0.32142857142857145,0.28125,0.0,0.6428571428571429,0.2857142857142857
54,subtitle_sentiment_polarity,comment_semantic_variance,subtitle_sentiment_polarity + comment_semantic_variance,0.6521739130434783,0.6150793650793651,0.6166666666666667,0.4444444444444444,0.7857142857142857,0.5714285714285714,0.6086956521739131,0.5595238095238095,0.5548387096774194,0.3333333333333333,0.7857142857142857,0.49206349206349204
55,subtitle_sentiment_polarity,hm_mean,subtitle_sentiment_polarity + hm_mean,0.43478260869565216,0.35714285714285715,0.30303030303030304,0.0,0.7142857142857143,0.33333333333333337,0.5217391304347826,0.4484126984126984,0.41025641025641024,0.1111111111111111,0.7857142857142857,0.35714285714285715
56,subtitle_sentiment_polarity,hm_max,subtitle_sentiment_polarity + hm_max,0.43478260869565216,0.41666666666666663,0.4171539961013645,0.3333333333333333,0.5,0.40476190476190477,0.4782608695652174,0.4126984126984127,0.3839285714285714,0.1111111111111111,0.7142857142857143,0.4444444444444445
57,subtitle_sentiment_polarity,hm_volatility,subtitle_sentiment_polarity + hm_volatility,0.34782608695652173,0.2857142857142857,0.25806451612903225,0.0,0.5714285714285714,0.29365079365079366,0.391304347826087,0.32142857142857145,0.28125,0.0,0.6428571428571429,0.2857142857142857
58,pause_ratio,speech_rate,pause_ratio + speech_rate,0.4782608695652174,0.43253968253968256,0.425,0.2222222222222222,0.6428571428571429,0.5873015873015874,0.6086956521739131,0.5595238095238095,0.5548387096774194,0.3333333333333333,0.7857142857142857,0.6825396825396826
59,pause_ratio,sub_comment_similarity,pause_ratio + sub_comment_similarity,0.6086956521739131,0.5793650793650793,0.5801217038539555,0.4444444444444444,0.7142857142857143,0.7142857142857144,0.4782608695652174,0.4126984126984127,0.3839285714285714,0.1111111111111111,0.7142857142857143,0.4285714285714286
60,pause_ratio,comment_semantic_variance,pause_ratio + comment_semantic_variance,0.4782608695652174,0.43253968253968256,0.425,0.2222222222222222,0.6428571428571429,0.5634920634920635,0.6086956521739131,0.5595238095238095,0.5548387096774194,0.3333333333333333,0.7857142857142857,0.5476190476190477
61,pause_ratio,hm_mean,pause_ratio + hm_mean,0.5217391304347826,0.4484126984126984,0.41025641025641024,0.1111111111111111,0.7857142857142857,0.5396825396825398,0.5217391304347826,0.46825396825396826,0.4559139784946237,0.2222222222222222,0.7142857142857143,0.5
62,pause_ratio,hm_max,pause_ratio + hm_max,0.5652173913043478,0.5436507936507937,0.5436507936507937,0.4444444444444444,0.6428571428571429,0.4365079365079365,0.6521739130434783,0.6150793650793651,0.6166666666666667,0.4444444444444444,0.7857142857142857,0.5793650793650793
63,pause_ratio,hm_volatility,pause_ratio + hm_volatility,0.5217391304347826,0.48809523809523814,0.486815415821501,0.3333333333333333,0.6428571428571429,0.4682539682539683,0.4782608695652174,0.39285714285714285,0.3235294117647059,0.0,0.7857142857142857,0.47619047619047616
64,speech_rate,sub_comment_similarity,speech_rate + sub_comment_similarity,0.6086956521739131,0.5793650793650793,0.5801217038539555,0.4444444444444444,0.7142857142857143,0.4603174603174603,0.6086956521739131,0.5595238095238095,0.5548387096774194,0.3333333333333333,0.7857142857142857,0.5793650793650794
65,speech_rate,comment_semantic_variance,speech_rate + comment_semantic_variance,0.5652173913043478,0.5436507936507937,0.5436507936507937,0.4444444444444444,0.6428571428571429,0.6825396825396826,0.6521739130434783,0.6150793650793651,0.6166666666666667,0.4444444444444444,0.7857142857142857,0.6031746031746033
66,speech_rate,hm_mean,speech_rate + hm_mean,0.5652173913043478,0.5238095238095238,0.5208333333333333,0.3333333333333333,0.7142857142857143,0.507936507936508,0.6521739130434783,0.6349206349206349,0.6349206349206349,0.5555555555555556,0.7142857142857143,0.6587301587301587
67,speech_rate,hm_max,speech_rate + hm_max,0.5652173913043478,0.5436507936507937,0.5436507936507937,0.4444444444444444,0.6428571428571429,0.5238095238095238,0.6521739130434783,0.6150793650793651,0.6166666666666667,0.4444444444444444,0.7857142857142857,0.6428571428571428
68,speech_rate,hm_volatility,speech_rate + hm_volatility,0.5652173913043478,0.5436507936507937,0.5436507936507937,0.4444444444444444,0.6428571428571429,0.5555555555555556,0.6086956521739131,0.5595238095238095,0.5548387096774194,0.3333333333333333,0.7857142857142857,0.6031746031746033
69,sub_comment_similarity,comment_semantic_variance,sub_comment_similarity + comment_semantic_variance,0.5652173913043478,0.5238095238095238,0.5208333333333333,0.3333333333333333,0.7142857142857143,0.5158730158730158,0.5652173913043478,0.503968253968254,0.48660714285714285,0.2222222222222222,0.7857142857142857,0.45238095238095233
70,sub_comment_similarity,hm_mean,sub_comment_similarity + hm_mean,0.5652173913043478,0.503968253968254,0.48660714285714285,0.2222222222222222,0.7857142857142857,0.30952380952380953,0.43478260869565216,0.35714285714285715,0.30303030303030304,0.0,0.7142857142857143,0.2777777777777778
71,sub_comment_similarity,hm_max,sub_comment_similarity + hm_max,0.4782608695652174,0.43253968253968256,0.425,0.2222222222222222,0.6428571428571429,0.373015873015873,0.4782608695652174,0.4126984126984127,0.3839285714285714,0.1111111111111111,0.7142857142857143,0.4285714285714286
72,sub_comment_similarity,hm_volatility,sub_comment_similarity + hm_volatility,0.5652173913043478,0.5238095238095238,0.5208333333333333,0.3333333333333333,0.7142857142857143,0.4523809523809524,0.5652173913043478,0.4642857142857143,0.3611111111111111,0.0,0.9285714285714286,0.0
73,comment_semantic_variance,hm_mean,comment_semantic_variance + hm_mean,0.6956521739130435,0.6706349206349207,0.6734279918864097,0.5555555555555556,0.7857142857142857,0.5873015873015874,0.5652173913043478,0.503968253968254,0.48660714285714285,0.2222222222222222,0.7857142857142857,0.5
74,comment_semantic_variance,hm_max,comment_semantic_variance + hm_max,0.6086956521739131,0.5793650793650793,0.5801217038539555,0.4444444444444444,0.7142857142857143,0.5476190476190477,0.5217391304347826,0.46825396825396826,0.4559139784946237,0.2222222222222222,0.7142857142857143,0.5555555555555556
75,comment_semantic_variance,hm_volatility,comment_semantic_variance + hm_volatility,0.5652173913043478,0.5436507936507937,0.5436507936507937,0.4444444444444444,0.6428571428571429,0.5238095238095238,0.5217391304347826,0.4484126984126984,0.41025641025641024,0.1111111111111111,0.7857142857142857,0.5238095238095238
76,hm_mean,hm_max,hm_mean + hm_max,0.6086956521739131,0.5396825396825397,0.5174825174825175,0.2222222222222222,0.8571428571428571,0.4444444444444444,0.4782608695652174,0.4126984126984127,0.3839285714285714,0.1111111111111111,0.7142857142857143,0.46031746031746035
77,hm_mean,hm_volatility,hm_mean + hm_volatility,0.5217391304347826,0.46825396825396826,0.4559139784946237,0.2222222222222222,0.7142857142857143,0.5158730158730159,0.43478260869565216,0.35714285714285715,0.30303030303030304,0.0,0.7142857142857143,0.2777777777777778
78,hm_max,hm_volatility,hm_max + hm_volatility,0.43478260869565216,0.376984126984127,0.35698924731182796,0.1111111111111111,0.6428571428571429,0.4761904761904763,0.4782608695652174,0.39285714285714285,0.3235294117647059,0.0,0.7857142857142857,0.4365079365079365
