セグメント,bert_comment_variance,bert_comment_cos_variance,n_chats
1,53.31666946411133,0.13338476419448853,133
2,50.49502182006836,0.1279553771018982,104
3,51.509056091308594,0.13108482956886292,81
4,53.93593215942383,0.13642819225788116,48
5,53.2327766418457,0.13449037075042725,80
6,58.095848083496094,0.14561639726161957,109
7,52.344276428222656,0.13130497932434082,52
8,53.19450759887695,0.1349164992570877,80
9,53.169029235839844,0.13278554379940033,59
10,57.96499252319336,0.14464151859283447,61
11,53.4670295715332,0.13462696969509125,43
12,55.36103820800781,0.1394645720720291,70
13,57.2638053894043,0.14207321405410767,50
14,53.67647171020508,0.13307732343673706,41
15,52.8538703918457,0.13381558656692505,146
16,53.03733444213867,0.13447554409503937,78
17,54.1204833984375,0.13515439629554749,70
18,56.238460540771484,0.14276821911334991,179
19,52.87659454345703,0.133020281791687,59
20,47.064186096191406,0.12107987701892853,20
21,59.64980697631836,0.14921864867210388,114
22,57.0791015625,0.1424676477909088,40
23,53.28666687011719,0.1358359158039093,36
