factor_col,factor_name,model,selected_features,base_r2,base_rmse,sel_r2,sel_rmse,pca_r2,pca_rmse,diff_r2
Factor_Information,情報性・学習価値,SVR,"subtitle_sentiment_polarity, hm_mean, question_ratio",-0.23899851764261992,0.6287355958922688,0.20000938317112993,0.5052136801262644,0.05494312986496097,0.5491128754488712,0.43900790081374985
Factor_Information,情報性・学習価値,RandomForest,"subtitle_sentiment_polarity, hm_mean, question_ratio",-0.08921427850266883,0.5895074774946287,0.2180216174131423,0.49949371610196397,-0.04465346924488811,0.5773228949442009,0.30723589591581113
Factor_Information,情報性・学習価値,Lasso,"subtitle_sentiment_polarity, hm_mean, question_ratio",-0.23139902376086297,0.626804430732833,0.21344164365543827,0.500954324395072,-0.02283978437445522,0.57126348011912,0.44484066741630124
Factor_Information,情報性・学習価値,ElasticNet,"subtitle_sentiment_polarity, hm_mean, question_ratio",-0.17956778894623504,0.6134710988062897,0.21145745346339673,0.5015857858587262,0.019864259760188796,0.5592110805280932,0.39102524240963177
Factor_Relaxation,リラックス・気軽さ,SVR,"hm_volatility, comment_rate, speech_rate",-0.07702179719806179,0.3233836485441185,0.017945145306907384,0.30879743457150166,0.09758593466859755,0.2960116052550093,0.09496694250496918
Factor_Relaxation,リラックス・気軽さ,RandomForest,"hm_volatility, comment_rate, speech_rate",0.2212872289572746,0.2749757902545333,0.3360753182366488,0.25390147114328254,-0.12557605978351405,0.33059268055457225,0.11478808927937423
Factor_Relaxation,リラックス・気軽さ,Lasso,"hm_volatility, comment_rate, speech_rate",-0.30869060060371867,0.3564710799109423,-0.16493395596501892,0.3363229180341086,-0.02765887954149293,0.3158859427444227,0.14375664463869975
Factor_Relaxation,リラックス・気軽さ,ElasticNet,"hm_volatility, comment_rate, speech_rate",-0.20371028838439353,0.3418745692528519,-0.22510779199721243,0.3448998148717354,-0.028153961613125222,0.3159620237471484,-0.02139750361281889
Factor_Entertainment,娯楽性・没頭感,SVR,"hm_volatility, hm_max, comment_semantic_variance",0.40858308504020535,0.24351223819393994,0.08679030176107216,0.3025932104814579,-0.017938449965566816,0.3194733833920761,-0.3217927832791332
Factor_Entertainment,娯楽性・没頭感,RandomForest,"hm_volatility, hm_max, comment_semantic_variance",-0.0791717148498956,0.32894190153479674,-0.03596014946933801,0.3222889729640798,-0.3189167880539132,0.3636491860396964,0.04321156538055759
Factor_Entertainment,娯楽性・没頭感,Lasso,"hm_volatility, hm_max, comment_semantic_variance",-0.02332408028805144,0.32031739109330437,-0.1871987848867056,0.3450131461027618,-0.12356683976781979,0.3356397417760869,-0.16387470459865416
Factor_Entertainment,娯楽性・没頭感,ElasticNet,"hm_volatility, hm_max, comment_semantic_variance",-0.14460922820725997,0.33876812715710053,-0.22366337805212222,0.35027158129826663,-0.12686304522546332,0.3361317139857405,-0.07905414984486225
Factor_SocialShare,社会的共有性,SVR,"grass_ratio, comment_semantic_variance",0.12902144524855963,0.3390030505510139,0.2681563744776101,0.31074848679334405,-0.1160413146841659,0.3837425978546454,0.13913492922905046
Factor_SocialShare,社会的共有性,RandomForest,"grass_ratio, comment_semantic_variance",-0.2009290832980586,0.39806918211644965,-0.009295619467047267,0.36492958183089774,-0.3868051337094862,0.4277673128878341,0.19163346383101132
Factor_SocialShare,社会的共有性,Lasso,"grass_ratio, comment_semantic_variance",0.04699468727065592,0.3546071892320078,0.1718055171743691,0.3305719821038071,-0.0929752066115701,0.37975633771282585,0.12481082990371317
Factor_SocialShare,社会的共有性,ElasticNet,"grass_ratio, comment_semantic_variance",0.042890633461089456,0.35536991506047166,0.18125721825142738,0.3286802566156691,-0.0929752066115701,0.37975633771282585,0.13836658479033792
Target_Satisfaction,総合満足度,SVR,"question_ratio, pause_ratio",-0.16637176195193226,0.3692541651573148,-0.1516407901990906,0.3669149638169599,-0.03963841725530681,0.3486166009359623,0.01473097175284166
Target_Satisfaction,総合満足度,RandomForest,"question_ratio, pause_ratio",-0.30283874496529384,0.3902583797987254,-0.025546695482057347,0.346245887826401,-0.37543099740646313,0.4009833208388547,0.2772920494832365
Target_Satisfaction,総合満足度,Lasso,"question_ratio, pause_ratio",-0.294034484233499,0.3889375098751738,-0.14137610142054613,0.36527612910643925,-0.1406668331028924,0.3651626174223308,0.15265838281295285
Target_Satisfaction,総合満足度,ElasticNet,"question_ratio, pause_ratio",-0.267250986509171,0.384891414254683,-0.11290406766681538,0.3606913848865952,-0.13431863499265262,0.3641450727439243,0.15434691884235563
