セグメント,開始時刻,終了時刻,開始(秒),終了(秒),長さ(秒),平均ヒートマップ値,最大ヒートマップ値,面白かった,話に引き込まれた,テンポが良かった,新しい情報を得られた,有益な内容だった,誰かに共有したいと思った,気軽に視聴できた,気分転換になった,この動画に満足した,グループ_平均,グループ_最大,グループ,クラスタ_階層_平均_K3,クラスタ_KMeans_平均_K3,クラスタ_階層_平均_K4,クラスタ_KMeans_平均_K4,クラスタ_階層_最大_K3,クラスタ_KMeans_最大_K3,クラスタ_階層_最大_K4,クラスタ_KMeans_最大_K4,主成分得点_PC1,主成分得点_PC2,hm_mean,hm_max,hm_volatility,segment_length_sec,Factor_Entertainment,Factor_Information,Factor_Relaxation,Factor_SocialShare,Target_Satisfaction,comment_rate,grass_ratio,question_ratio,exclamation_ratio,sentiment_polarity,subtitle_sentiment_polarity,speech_rate,pause_ratio,sub_comment_similarity,comment_semantic_variance,comment_rate_zscore,grass_ratio_zscore,question_ratio_zscore,exclamation_ratio_zscore,sentiment_polarity_zscore,subtitle_sentiment_polarity_zscore,pause_ratio_zscore,speech_rate_zscore,sub_comment_similarity_zscore,comment_semantic_variance_zscore,hm_mean_zscore,hm_max_zscore,hm_volatility_zscore
1,0:01:49,0:03:44,109,224,115,0.1207,0.1995,3.8,3.9,4.1,3.3,3.7,2.7,4.6,2.9,3.7,1: HM高×満足高,1: HM高×満足高,1: HM高×満足高,1,3,2,4,3,2,4,2,1.565327984883623,0.3038099986627179,0.1207,0.1995,0.652852917540037,115,3.933333333333333,3.5,3.75,2.7,3.7,1.1652,0.0299,0.2015,0.0896,-0.016934,-1.0,6.6957,0.0002,0.955,53.3167,0.637011,-1.470357,0.665607,1.240119,1.829101,-1.115114,0.454394,-0.808726,-0.539005,-0.267068,0.154374,0.033159,-0.201126
2,0:03:46,0:06:00,226,360,134,0.0327,0.1674,3.9,3.7,4.2,4.1,3.5,2.6,4.0,2.6,3.5,3: HM低×満足低,2: HM高×満足低,3: HM低×満足低,1,1,1,1,3,1,3,4,1.147780725721545,-1.3402498418103683,0.0327,0.1674,4.119140087459098,134,3.9333333333333336,3.8,3.3,2.6,3.5,0.7761,0.0481,0.2019,0.0673,-0.480033,-1.0,7.4851,0.0001,0.9741,50.495,-0.75404,-1.032129,0.671917,0.446536,-0.161643,-1.115114,-0.29211,0.366886,1.479621,-1.289698,-1.576672,-0.275557,2.902594
3,0:06:56,0:08:47,416,527,111,0.0853,0.3577,3.7,3.7,4.2,3.1,3.0,2.1,4.0,2.5,3.7,4: HM低×満足高,1: HM高×満足高,4: HM低×満足高,1,1,1,1,2,3,2,1,-0.2990074044816279,-0.3436274775339463,0.0853,0.3577,3.1933974982708295,111,3.866666666666667,3.05,3.25,2.1,3.7,0.7297,0.0864,0.1358,0.0494,-0.575847,0.0,6.9009,0.0001,0.9608,51.5091,-0.919922,-0.109923,-0.370871,-0.190466,-0.573523,0.85778,-0.29211,-0.503133,0.073981,-0.922171,-0.541978,1.554619,2.073683
4,0:08:47,0:09:51,527,591,64,0.1729,0.2359,3.0,3.5,4.1,1.9,2.3,2.2,3.1,2.5,3.1,2: HM高×満足低,2: HM高×満足低,2: HM高×満足低,3,2,4,3,1,1,1,3,-1.9835313165376387,-0.2833675206705154,0.1729,0.2359,0.3643703622304093,64,3.533333333333333,2.0999999999999996,2.8,2.2,3.1,0.7812,0.06,0.22,0.02,-0.769231,0.0,6.875,0.0002,0.9658,53.9359,-0.735807,-0.745595,0.957461,-1.236715,-1.404831,0.85778,0.454394,-0.541704,0.602417,-0.04266,1.1812,0.383229,-0.459434
5,0:10:07,0:11:49,607,709,102,0.0691,0.2359,3.9,3.9,4.2,4.2,4.0,3.3,4.4,3.2,3.9,4: HM低×満足高,1: HM高×満足高,4: HM低×満足高,1,1,2,1,3,2,4,2,2.8341188069076417,-0.3303094564906668,0.0691,0.2359,2.413857976006136,102,4.0,4.1,3.8000000000000003,3.3,3.9,0.7941,0.0494,0.1852,0.0494,0.222322,-1.0,7.0882,0.0001,0.9632,53.2328,-0.689689,-1.000827,0.408459,-0.190466,2.857601,-1.115114,-0.29211,-0.224196,0.32763,-0.297474,-0.860648,0.383229,1.375682
6,0:11:50,0:14:22,710,862,152,0.1348,0.1471,3.9,4.0,4.0,4.0,4.0,2.7,3.7,2.6,3.8,1: HM高×満足高,4: HM低×満足高,1: HM高×満足高,1,3,2,4,3,2,4,2,2.0916753245515856,-1.9685515422915167,0.1348,0.1471,0.09124561390494139,152,3.966666666666667,4.0,3.1500000000000004,2.7,3.8,0.7237,0.1,0.1909,0.0545,-0.3808,-1.0,6.8289,0.0001,0.9719,58.0958,-0.941372,0.217544,0.498382,-0.008974,0.264934,-1.115114,-0.29211,-0.610358,1.247109,1.464956,0.431735,-0.470789,-0.70399
7,0:14:24,0:15:30,864,930,66,0.057,0.102,3.0,2.9,4.4,2.9,3.2,2.2,3.8,2.8,3.4,3: HM低×満足低,3: HM低×満足低,3: HM低×満足低,1,1,1,1,3,1,3,4,-1.836198160877836,-0.3219552815813756,0.057,0.102,0.7894598340379991,66,3.4333333333333336,3.05,3.3,2.2,3.4,0.803,0.1132,0.1887,0.0189,-0.5,0.0,8.1212,0.0002,0.9707,52.3443,-0.657871,0.53538,0.463675,-1.275861,-0.247476,0.85778,0.454394,1.314196,1.120284,-0.619481,-1.098667,-0.90453,-0.078808
8,0:16:10,0:17:36,970,1056,86,0.0724,0.102,3.6,3.3,3.6,3.9,2.6,2.2,4.5,3.1,3.6,4: HM低×満足高,4: HM低×満足高,4: HM低×満足高,1,1,1,1,3,1,3,4,-1.1155318880051048,0.9509144381754968,0.0724,0.102,0.40883413212524666,86,3.5,3.25,3.8,2.2,3.6,0.9651,0.0843,0.1084,0.0723,-0.5,0.0,5.4535,0.0003,0.9608,53.1945,-0.078356,-0.160488,-0.803132,0.624469,-0.247476,0.85778,1.200898,-2.658669,0.073981,-0.311355,-0.795734,-0.90453,-0.419621
9,0:17:36,0:18:38,1056,1118,62,0.1161,0.3752,4.1,3.9,4.1,2.8,3.0,2.6,4.2,3.2,3.8,1: HM高×満足高,1: HM高×満足高,1: HM高×満足高,1,3,2,4,2,3,2,1,1.1874451462708735,1.5371798665714955,0.1161,0.3752,2.231677591062954,62,4.033333333333333,2.9,3.7,2.6,3.8,0.9516,0.0678,0.1017,0.0847,-0.391483,0.0,7.8065,0.0,0.9668,53.169,-0.126619,-0.557783,-0.90883,1.065744,0.219011,0.85778,-1.038615,0.84553,0.708104,-0.320597,0.063888,1.722922,1.212557
10,0:19:04,0:20:00,1144,1200,56,0.2557,0.3752,3.8,3.8,3.8,1.9,2.4,2.1,3.9,3.4,3.6,1: HM高×満足高,1: HM高×満足高,1: HM高×満足高,2,3,3,2,2,3,2,1,-0.601503003820881,2.758581995818838,0.2557,0.3752,0.4673427166886325,56,3.7999999999999994,2.15,3.65,2.1,3.6,1.125,0.1587,0.1587,0.0476,-0.500089,0.0,7.3214,0.0004,0.9467,57.965,0.493294,1.63095,-0.009603,-0.254522,-0.247858,0.85778,1.947403,0.123096,-1.416208,1.417552,2.809957,1.722922,-0.367232
11,0:20:01,0:20:40,1201,1240,39,0.138,0.1616,3.2,3.5,3.6,2.8,2.8,2.2,3.9,2.9,3.2,2: HM高×満足低,3: HM低×満足低,2: HM高×満足低,3,2,4,3,1,1,1,3,-1.2501002248738753,0.4156611955491111,0.138,0.1616,0.17101325352714822,39,3.4333333333333336,2.8,3.4,2.2,3.2,1.1026,0.0698,0.2791,0.093,-0.583282,-1.0,8.1282,0.0003,0.9686,53.467,0.413213,-0.509626,1.889819,1.361114,-0.605484,-1.115114,1.200898,1.324621,0.898341,-0.212597,0.494682,-0.331338,-0.632566
12,0:20:53,0:21:57,1253,1317,64,0.072,0.0782,3.8,4.0,3.2,4.2,3.5,2.9,3.3,2.8,3.9,4: HM低×満足高,4: HM低×満足高,4: HM低×満足高,1,1,2,1,3,2,4,2,1.780068444411241,-1.981214124480932,0.072,0.0782,0.08610991514006766,64,3.6666666666666665,3.85,3.05,2.9,3.9,1.1094,0.0704,0.1268,0.0563,-0.571552,-1.0,7.5625,0.0002,0.9495,55.361,0.437524,-0.495179,-0.512855,0.055082,-0.555059,-1.115114,0.454394,0.482154,-1.120284,0.47382,-0.803602,-1.133422,-0.708589
13,0:21:59,0:22:46,1319,1366,47,0.0914,0.1269,4.0,4.0,4.2,3.5,3.7,2.8,4.2,3.3,4.2,4: HM低×満足高,4: HM低×満足高,4: HM低×満足高,1,1,2,4,3,2,4,2,2.094547148698051,0.6493178990964718,0.0914,0.1269,0.38839837638537894,47,4.066666666666666,3.6,3.75,2.8,4.2,1.0638,0.1,0.16,0.0,-0.272727,0.0,7.8511,0.0002,0.9551,57.2638,0.274501,0.217544,0.010906,-1.948449,0.729512,0.85778,0.454394,0.91195,-0.528436,1.163426,-0.421985,-0.665059,-0.437919
14,0:22:47,0:23:21,1367,1401,34,0.1269,0.1269,3.3,3.0,3.5,2.8,2.8,2.2,3.8,2.7,3.4,2: HM高×満足低,3: HM低×満足低,2: HM高×満足低,3,2,4,3,3,1,3,4,-1.6815436482223969,-0.1653370503603025,0.1269,0.1269,0.0,34,3.266666666666667,2.8,3.25,2.2,3.4,1.2059,0.122,0.3171,0.0976,-0.233276,-1.0,8.0,0.0,0.9587,53.6765,0.782516,0.74727,2.489304,1.524813,0.899102,-1.115114,-1.038615,1.133699,-0.147962,-0.13667,0.276335,-0.665059,-0.785692
15,0:23:47,0:26:08,1427,1568,141,0.1388,0.2325,3.9,3.4,3.9,3.8,3.7,3.1,4.3,3.2,3.9,1: HM高×満足高,1: HM高×満足高,1: HM高×満足高,1,3,2,4,3,2,4,2,1.70457019236663,0.0343319488715566,0.1388,0.2325,0.6750671825130943,141,3.733333333333333,3.75,3.75,3.1,3.9,1.0496,0.0608,0.0676,0.0541,-0.812332,0.0,7.1135,0.0001,0.9649,52.8539,0.223736,-0.726332,-1.44679,-0.023209,-1.590111,0.85778,-0.29211,-0.186519,0.507298,-0.434794,0.510419,0.35053,-0.181235
16,0:26:10,0:27:07,1570,1627,57,0.1472,0.2115,3.7,3.5,3.9,3.3,3.2,2.3,4.2,2.9,3.7,1: HM高×満足高,1: HM高×満足高,1: HM高×満足高,1,3,2,4,3,2,4,2,-0.056647197068954,0.2774872235904408,0.1472,0.2115,0.4368176846624683,57,3.6999999999999997,3.25,3.55,2.3,3.7,1.3684,0.1026,0.0641,0.0385,-0.419171,0.0,6.4386,0.0004,0.9617,53.0373,1.363461,0.280148,-1.502005,-0.578361,0.099987,0.85778,1.947403,-1.191612,0.169099,-0.368327,0.675655,0.148567,-0.394564
17,0:27:19,0:27:58,1639,1678,39,0.1151,0.1602,3.4,3.7,3.6,2.9,3.0,2.4,3.7,3.0,3.2,3: HM低×満足低,3: HM低×満足低,3: HM低×満足低,3,2,4,3,1,1,1,3,-0.2804373696809489,0.2250416982977848,0.1151,0.1602,0.39182978427641824,39,3.5666666666666664,2.95,3.35,2.4,3.2,1.9231,0.1467,0.08,0.0667,-0.466635,-1.0,7.6667,0.0,0.9309,54.1205,3.34654,1.342009,-1.251168,0.425184,-0.104048,-1.115114,-1.038615,0.637333,-3.086066,0.024242,0.044217,-0.344802,-0.434846
18,0:28:34,0:32:21,1714,1941,227,0.1893,0.3448,4.0,3.5,3.7,2.7,2.7,2.4,4.2,3.4,3.7,1: HM高×満足高,1: HM高×満足高,1: HM高×満足高,2,3,3,2,2,3,2,1,0.0350000995134419,2.1792954205304618,0.1893,0.3448,0.8214430985573241,227,3.733333333333333,2.7,3.8,2.4,3.7,0.7974,0.0994,0.1934,0.0497,-0.294118,0.0,6.5419,0.0,0.9526,56.2385,-0.677891,0.203097,0.537822,-0.17979,0.637558,0.85778,-1.038615,-1.037772,-0.792654,0.79184,1.503804,1.430556,-0.05017
19,0:32:41,0:33:48,1961,2028,67,0.119,0.3448,3.3,2.8,2.9,2.0,2.3,2.3,4.0,2.6,2.9,2: HM高×満足低,2: HM高×満足低,2: HM高×満足低,3,2,4,3,1,3,1,3,-2.2265104677454377,0.6190747243039695,0.119,0.3448,1.8974630465290208,67,3.0,2.15,3.3,2.3,2.9,0.8806,0.1017,0.1695,0.0339,-0.225806,0.0,7.7761,0.0,0.9563,52.8766,-0.380447,0.258477,0.160777,-0.74206,0.931214,0.85778,-1.038615,0.800257,-0.401611,-0.426567,0.120934,1.430556,0.913301
20,0:33:51,0:34:27,2031,2067,36,0.0528,0.0528,3.5,3.0,3.7,3.6,3.4,2.4,3.4,2.4,3.5,3: HM低×満足低,3: HM低×満足低,3: HM低×満足低,1,1,1,1,3,1,3,4,-0.5706760812531789,-2.21335548946999,0.0528,0.0528,0.0,36,3.4,3.5,2.9,2.4,3.5,0.5556,0.0,0.15,0.05,-0.555431,-1.0,8.0,0.0,0.9647,47.0642,-1.542338,-2.190304,-0.146853,-0.169114,-0.485759,-1.115114,-1.038615,1.133699,0.486161,-2.533076,-1.181285,-1.377702,-0.785692
21,0:34:30,0:36:42,2070,2202,132,0.1422,0.2249,4.0,3.9,4.1,3.2,3.7,2.9,4.3,3.1,4.0,1: HM高×満足高,1: HM高×満足高,1: HM高×満足高,1,3,2,4,3,2,4,2,2.123633592514698,0.4775038797426345,0.1422,0.2249,0.5815711563209822,132,4.0,3.45,3.7,2.9,4.0,0.8712,0.1043,0.1304,0.113,-0.642977,0.0,7.2652,0.0003,0.9579,59.6498,-0.414053,0.321081,-0.456061,2.072848,-0.862097,0.85778,1.200898,0.0394,-0.232512,2.028151,0.577301,0.277439,-0.264952
22,0:37:03,0:37:40,2223,2260,37,0.0805,0.0805,2.7,2.4,3.6,3.1,2.3,1.7,3.4,2.8,2.8,3: HM低×満足低,3: HM低×満足低,3: HM低×満足低,3,2,4,3,1,1,1,3,-4.355767146203604,-0.3368716953520471,0.0805,0.0805,0.0,37,2.9,2.7,3.0999999999999996,1.7,2.8,1.0811,0.15,0.15,0.025,-0.555409,0.0,6.3514,0.0,0.9591,57.0791,0.33635,1.421467,-0.146853,-1.058782,-0.485665,0.85778,-1.038615,-1.321474,-0.105687,1.096487,-0.636399,-1.111302,-0.785692
23,0:37:59,0:38:40,2279,2320,41,0.0657,0.0657,3.6,3.4,3.2,3.3,3.2,2.3,3.2,2.8,3.6,4: HM低×満足高,4: HM低×満足高,4: HM低×満足高,1,1,1,1,3,1,3,4,-0.306713557067845,-1.143360809169318,0.0657,0.0657,0.0,41,3.4,3.25,3.0,2.3,3.6,0.878,0.1667,0.0833,0.0278,-0.651094,-1.0,7.2195,0.0,0.9665,53.2867,-0.389742,1.823578,-1.199108,-0.959139,-0.89699,-1.115114,-1.038615,-0.028658,0.676398,-0.27794,-0.92753,-1.253639,-0.785692
