セグメント,開始時刻,終了時刻,開始(秒),終了(秒),長さ(秒),平均ヒートマップ値,最大ヒートマップ値
1,0:01:49,0:03:44,109,224,115,0.1207,0.1995
2,0:03:46,0:06:00,226,360,134,0.0327,0.1674
3,0:06:56,0:08:47,416,527,111,0.0853,0.3577
4,0:08:47,0:09:51,527,591,64,0.1729,0.2359
5,0:10:07,0:11:49,607,709,102,0.0691,0.2359
6,0:11:50,0:14:22,710,862,152,0.1348,0.1471
7,0:14:24,0:15:30,864,930,66,0.057,0.102
8,0:16:10,0:17:36,970,1056,86,0.0724,0.102
9,0:17:36,0:18:38,1056,1118,62,0.1161,0.3752
10,0:19:04,0:20:00,1144,1200,56,0.2557,0.3752
11,0:20:01,0:20:40,1201,1240,39,0.138,0.1616
12,0:20:53,0:21:57,1253,1317,64,0.072,0.0782
13,0:21:59,0:22:46,1319,1366,47,0.0914,0.1269
14,0:22:47,0:23:21,1367,1401,34,0.1269,0.1269
15,0:23:47,0:26:08,1427,1568,141,0.1388,0.2325
16,0:26:10,0:27:07,1570,1627,57,0.1472,0.2115
17,0:27:19,0:27:58,1639,1678,39,0.1151,0.1602
18,0:28:34,0:32:21,1714,1941,227,0.1893,0.3448
19,0:32:41,0:33:48,1961,2028,67,0.119,0.3448
20,0:33:51,0:34:27,2031,2067,36,0.0528,0.0528
21,0:34:30,0:36:42,2070,2202,132,0.1422,0.2249
22,0:37:03,0:37:40,2223,2260,37,0.0805,0.0805
23,0:37:59,0:38:40,2279,2320,41,0.0657,0.0657
