セグメント,開始時刻,終了時刻,開始(秒),終了(秒),長さ(秒),平均ヒートマップ値,最大ヒートマップ値,面白かった,話に引き込まれた,テンポが良かった,新しい情報を得られた,有益な内容だった,誰かに共有したいと思った,気軽に視聴できた,気分転換になった,この動画に満足した,グループ_平均,グループ_最大,グループ,クラスタ_階層_平均_K3,クラスタ_KMeans_平均_K3,クラスタ_階層_平均_K4,クラスタ_KMeans_平均_K4,クラスタ_階層_最大_K3,クラスタ_KMeans_最大_K3,クラスタ_階層_最大_K4,クラスタ_KMeans_最大_K4,主成分得点_PC1,主成分得点_PC2
1,0:01:49,0:03:44,109,224,115,0.1207,0.1995,3.8,3.9,4.1,3.3,3.7,2.7,4.6,2.9,3.7,1: HM高×満足高,1: HM高×満足高,1: HM高×満足高,1,3,2,4,3,2,4,2,1.565327984883623,0.3038099986627179
2,0:03:46,0:06:00,226,360,134,0.0327,0.1674,3.9,3.7,4.2,4.1,3.5,2.6,4.0,2.6,3.5,3: HM低×満足低,2: HM高×満足低,3: HM低×満足低,1,1,1,1,3,1,3,4,1.147780725721545,-1.3402498418103683
3,0:06:56,0:08:47,416,527,111,0.0853,0.3577,3.7,3.7,4.2,3.1,3.0,2.1,4.0,2.5,3.7,4: HM低×満足高,1: HM高×満足高,4: HM低×満足高,1,1,1,1,2,3,2,1,-0.29900740448162794,-0.3436274775339463
4,0:08:47,0:09:51,527,591,64,0.1729,0.2359,3.0,3.5,4.1,1.9,2.3,2.2,3.1,2.5,3.1,2: HM高×満足低,2: HM高×満足低,2: HM高×満足低,3,2,4,3,1,1,1,3,-1.9835313165376387,-0.2833675206705154
5,0:10:07,0:11:49,607,709,102,0.0691,0.2359,3.9,3.9,4.2,4.2,4.0,3.3,4.4,3.2,3.9,4: HM低×満足高,1: HM高×満足高,4: HM低×満足高,1,1,2,1,3,2,4,2,2.8341188069076417,-0.3303094564906668
6,0:11:50,0:14:22,710,862,152,0.1348,0.1471,3.9,4.0,4.0,4.0,4.0,2.7,3.7,2.6,3.8,1: HM高×満足高,4: HM低×満足高,1: HM高×満足高,1,3,2,4,3,2,4,2,2.0916753245515856,-1.9685515422915167
7,0:14:24,0:15:30,864,930,66,0.057,0.102,3.0,2.9,4.4,2.9,3.2,2.2,3.8,2.8,3.4,3: HM低×満足低,3: HM低×満足低,3: HM低×満足低,1,1,1,1,3,1,3,4,-1.836198160877836,-0.3219552815813756
8,0:16:10,0:17:36,970,1056,86,0.0724,0.102,3.6,3.3,3.6,3.9,2.6,2.2,4.5,3.1,3.6,4: HM低×満足高,4: HM低×満足高,4: HM低×満足高,1,1,1,1,3,1,3,4,-1.1155318880051048,0.9509144381754968
9,0:17:36,0:18:38,1056,1118,62,0.1161,0.3752,4.1,3.9,4.1,2.8,3.0,2.6,4.2,3.2,3.8,1: HM高×満足高,1: HM高×満足高,1: HM高×満足高,1,3,2,4,2,3,2,1,1.1874451462708737,1.5371798665714955
10,0:19:04,0:20:00,1144,1200,56,0.2557,0.3752,3.8,3.8,3.8,1.9,2.4,2.1,3.9,3.4,3.6,1: HM高×満足高,1: HM高×満足高,1: HM高×満足高,2,3,3,2,2,3,2,1,-0.601503003820881,2.758581995818838
11,0:20:01,0:20:40,1201,1240,39,0.138,0.1616,3.2,3.5,3.6,2.8,2.8,2.2,3.9,2.9,3.2,2: HM高×満足低,3: HM低×満足低,2: HM高×満足低,3,2,4,3,1,1,1,3,-1.2501002248738753,0.4156611955491111
12,0:20:53,0:21:57,1253,1317,64,0.072,0.0782,3.8,4.0,3.2,4.2,3.5,2.9,3.3,2.8,3.9,4: HM低×満足高,4: HM低×満足高,4: HM低×満足高,1,1,2,1,3,2,4,2,1.780068444411241,-1.981214124480932
13,0:21:59,0:22:46,1319,1366,47,0.0914,0.1269,4.0,4.0,4.2,3.5,3.7,2.8,4.2,3.3,4.2,4: HM低×満足高,4: HM低×満足高,4: HM低×満足高,1,1,2,4,3,2,4,2,2.094547148698051,0.6493178990964718
14,0:22:47,0:23:21,1367,1401,34,0.1269,0.1269,3.3,3.0,3.5,2.8,2.8,2.2,3.8,2.7,3.4,2: HM高×満足低,3: HM低×満足低,2: HM高×満足低,3,2,4,3,3,1,3,4,-1.6815436482223967,-0.1653370503603025
15,0:23:47,0:26:08,1427,1568,141,0.1388,0.2325,3.9,3.4,3.9,3.8,3.7,3.1,4.3,3.2,3.9,1: HM高×満足高,1: HM高×満足高,1: HM高×満足高,1,3,2,4,3,2,4,2,1.7045701923666299,0.0343319488715566
16,0:26:10,0:27:07,1570,1627,57,0.1472,0.2115,3.7,3.5,3.9,3.3,3.2,2.3,4.2,2.9,3.7,1: HM高×満足高,1: HM高×満足高,1: HM高×満足高,1,3,2,4,3,2,4,2,-0.05664719706895403,0.2774872235904408
17,0:27:19,0:27:58,1639,1678,39,0.1151,0.1602,3.4,3.7,3.6,2.9,3.0,2.4,3.7,3.0,3.2,3: HM低×満足低,3: HM低×満足低,3: HM低×満足低,3,2,4,3,1,1,1,3,-0.28043736968094896,0.2250416982977848
18,0:28:34,0:32:21,1714,1941,227,0.1893,0.3448,4.0,3.5,3.7,2.7,2.7,2.4,4.2,3.4,3.7,1: HM高×満足高,1: HM高×満足高,1: HM高×満足高,2,3,3,2,2,3,2,1,0.03500009951344193,2.1792954205304618
19,0:32:41,0:33:48,1961,2028,67,0.119,0.3448,3.3,2.8,2.9,2.0,2.3,2.3,4.0,2.6,2.9,2: HM高×満足低,2: HM高×満足低,2: HM高×満足低,3,2,4,3,1,3,1,3,-2.2265104677454377,0.6190747243039695
20,0:33:51,0:34:27,2031,2067,36,0.0528,0.0528,3.5,3.0,3.7,3.6,3.4,2.4,3.4,2.4,3.5,3: HM低×満足低,3: HM低×満足低,3: HM低×満足低,1,1,1,1,3,1,3,4,-0.5706760812531789,-2.21335548946999
21,0:34:30,0:36:42,2070,2202,132,0.1422,0.2249,4.0,3.9,4.1,3.2,3.7,2.9,4.3,3.1,4.0,1: HM高×満足高,1: HM高×満足高,1: HM高×満足高,1,3,2,4,3,2,4,2,2.123633592514698,0.4775038797426345
22,0:37:03,0:37:40,2223,2260,37,0.0805,0.0805,2.7,2.4,3.6,3.1,2.3,1.7,3.4,2.8,2.8,3: HM低×満足低,3: HM低×満足低,3: HM低×満足低,3,2,4,3,1,1,1,3,-4.355767146203604,-0.3368716953520471
23,0:37:59,0:38:40,2279,2320,41,0.0657,0.0657,3.6,3.4,3.2,3.3,3.2,2.3,3.2,2.8,3.6,4: HM低×満足高,4: HM低×満足高,4: HM低×満足高,1,1,1,1,3,1,3,4,-0.30671355706784503,-1.143360809169318
