fold,test_idx,model,selected,y_true,y_pred,y_proba,correct
1,0,LogisticRegression,"question_ratio, sentiment_polarity, pause_ratio",1,1,0.7739,1
1,0,RandomForest,"question_ratio, sentiment_polarity, pause_ratio",1,0,0.435,0
2,1,LogisticRegression,"question_ratio, pause_ratio, sub_comment_similarity",0,1,0.5234,0
2,1,RandomForest,"question_ratio, pause_ratio, sub_comment_similarity",0,1,0.775,0
3,2,LogisticRegression,"comment_rate, pause_ratio, sub_comment_similarity",1,1,0.6317,1
3,2,RandomForest,"comment_rate, pause_ratio, sub_comment_similarity",1,1,0.695,1
4,3,LogisticRegression,"question_ratio, sentiment_polarity, speech_rate",0,0,0.4467,1
4,3,RandomForest,"question_ratio, sentiment_polarity, speech_rate",0,1,0.635,0
5,4,LogisticRegression,"question_ratio, sentiment_polarity, sub_comment_similarity",1,1,0.8367,1
5,4,RandomForest,"question_ratio, sentiment_polarity, sub_comment_similarity",1,0,0.465,0
6,5,LogisticRegression,"question_ratio, sentiment_polarity, sub_comment_similarity",1,1,0.5006,1
6,5,RandomForest,"question_ratio, sentiment_polarity, sub_comment_similarity",1,0,0.355,0
7,6,LogisticRegression,"question_ratio, sentiment_polarity, speech_rate",0,0,0.2851,1
7,6,RandomForest,"question_ratio, sentiment_polarity, speech_rate",0,0,0.31,1
8,7,LogisticRegression,"question_ratio, sentiment_polarity, speech_rate",1,1,0.97,1
8,7,RandomForest,"question_ratio, sentiment_polarity, speech_rate",1,1,0.57,1
9,8,LogisticRegression,"comment_rate, speech_rate, pause_ratio",1,0,0.2459,0
9,8,RandomForest,"comment_rate, speech_rate, pause_ratio",1,0,0.225,0
10,9,LogisticRegression,"question_ratio, sentiment_polarity, speech_rate",1,1,0.5498,1
10,9,RandomForest,"question_ratio, sentiment_polarity, speech_rate",1,0,0.46,0
11,10,LogisticRegression,"question_ratio, sentiment_polarity, speech_rate",0,0,0.0623,1
11,10,RandomForest,"question_ratio, sentiment_polarity, speech_rate",0,0,0.195,1
12,11,LogisticRegression,"question_ratio, sentiment_polarity, speech_rate",1,1,0.5441,1
12,11,RandomForest,"question_ratio, sentiment_polarity, speech_rate",1,1,0.525,1
13,12,LogisticRegression,"question_ratio, sentiment_polarity, hm_mean",1,1,0.6433,1
13,12,RandomForest,"question_ratio, sentiment_polarity, hm_mean",1,0,0.5,0
14,13,LogisticRegression,"comment_rate, question_ratio, exclamation_ratio",0,0,0.1539,1
14,13,RandomForest,"comment_rate, question_ratio, exclamation_ratio",0,0,0.38,1
15,14,LogisticRegression,"question_ratio, sentiment_polarity, hm_mean",1,1,0.79,1
15,14,RandomForest,"question_ratio, sentiment_polarity, hm_mean",1,1,0.64,1
16,15,LogisticRegression,"question_ratio, sentiment_polarity, hm_mean",1,1,0.9401,1
16,15,RandomForest,"question_ratio, sentiment_polarity, hm_mean",1,1,0.735,1
17,16,LogisticRegression,"question_ratio, sentiment_polarity, comment_semantic_variance",0,1,0.9257,0
17,16,RandomForest,"question_ratio, sentiment_polarity, comment_semantic_variance",0,1,0.845,0
18,17,LogisticRegression,"question_ratio, pause_ratio, sub_comment_similarity",1,0,0.193,0
18,17,RandomForest,"question_ratio, pause_ratio, sub_comment_similarity",1,0,0.31,0
19,18,LogisticRegression,"question_ratio, sentiment_polarity, hm_mean",0,1,0.8035,0
19,18,RandomForest,"question_ratio, sentiment_polarity, hm_mean",0,1,0.84,0
20,19,LogisticRegression,"question_ratio, sentiment_polarity, comment_semantic_variance",0,0,0.2205,1
20,19,RandomForest,"question_ratio, sentiment_polarity, comment_semantic_variance",0,1,0.525,0
21,20,LogisticRegression,"question_ratio, sentiment_polarity, hm_mean",1,1,0.6725,1
21,20,RandomForest,"question_ratio, sentiment_polarity, hm_mean",1,1,0.765,1
22,21,LogisticRegression,"question_ratio, hm_mean, comment_semantic_variance",0,1,0.8937,0
22,21,RandomForest,"question_ratio, hm_mean, comment_semantic_variance",0,1,0.96,0
23,22,LogisticRegression,"question_ratio, exclamation_ratio, hm_mean",1,1,0.7016,1
23,22,RandomForest,"question_ratio, exclamation_ratio, hm_mean",1,0,0.42,0
