feature,importance_mean,importance_std
subtitle_sentiment_polarity,0.2184196340677619,0.0701712858404731
question_ratio,0.1793986799963349,0.05768281238809993
hm_max,0.1729631326522759,0.06297280912161869
hm_mean,0.11470072864038336,0.04575691187065714
exclamation_ratio,0.09906972074162688,0.03975980028375467
comment_semantic_variance,0.0881544284444929,0.02764720425499786
sentiment_polarity,0.08730308858804856,0.043384373739147636
grass_ratio,0.06753701340640539,0.03477796426910649
speech_rate,0.06752275208325047,0.01879189595683298
sub_comment_similarity,0.0654243863677547,0.026643768197512404
comment_rate,0.051933768480766564,0.027416452234083323
pause_ratio,0.047429053615676064,0.01811542958663993
hm_volatility,0.03894837401800925,0.015066065567110706
