区間番号,開始時刻,終了時刻,開始(秒),終了(秒),長さ(秒),value
1,0:00:00,0:01:01,0.0,61.51,61.51,0.9382637259182769
2,0:01:01,0:02:03,61.51,123.02,61.51,0.19951021245087003
3,0:02:03,0:03:04,123.02,184.53,61.51,0.07272102269546368
4,0:03:04,0:04:06,184.53,246.04,61.51,0.16742279843224087
5,0:04:06,0:05:07,246.04,307.55,61.51,0.0
6,0:05:07,0:06:09,307.55,369.06,61.51,0.01964160978959047
7,0:06:09,0:07:10,369.06,430.57,61.51,0.3576753253658002
8,0:07:10,0:08:12,430.57,492.08,61.51,0.021299487865836925
9,0:08:12,0:09:13,492.08,553.59,61.51,0.08431263273794103
10,0:09:13,0:10:15,553.59,615.1,61.51,0.23594940046155813
11,0:10:15,0:11:16,615.1,676.61,61.51,0.012382334318143257
12,0:11:16,0:12:18,676.61,738.12,61.51,0.13518129111482827
13,0:12:18,0:13:19,738.12,799.63,61.51,0.14710488729448967
14,0:13:19,0:14:21,799.63,861.14,61.51,0.12352152906487919
15,0:14:21,0:15:22,861.14,922.65,61.51,0.05134274413279971
16,0:15:22,0:16:24,922.65,984.16,61.51,0.10199582483093439
17,0:16:24,0:17:25,984.16,1045.67,61.51,0.06745944623515633
18,0:17:25,0:18:27,1045.67,1107.18,61.51,0.061341032685635705
19,0:18:27,0:19:28,1107.18,1168.69,61.51,0.3751743460496259
20,0:19:28,0:20:30,1168.69,1230.2,61.51,0.1615554740504054
21,0:20:30,0:21:31,1230.2,1291.71,61.51,0.06793291486659171
22,0:21:31,0:22:33,1291.71,1353.22,61.51,0.07815410609740851
23,0:22:33,0:23:34,1353.22,1414.73,61.51,0.12691029372616366
24,0:23:34,0:24:36,1414.73,1476.24,61.51,0.232475311633439
25,0:24:36,0:25:37,1476.24,1537.75,61.51,0.02808855473297782
26,0:25:37,0:26:39,1537.75,1599.26,61.51,0.211536143967735
27,0:26:39,0:27:40,1599.26,1660.77,61.51,0.07934510267522522
28,0:27:40,0:28:42,1660.77,1722.28,61.51,0.16024378939006595
29,0:28:42,0:29:43,1722.28,1783.79,61.51,0.0938750033421986
30,0:29:43,0:30:45,1783.79,1845.3,61.51,0.2812618993505664
31,0:30:45,0:31:46,1845.3,1906.81,61.51,0.11023113632592287
32,0:31:46,0:32:48,1906.81,1968.32,61.51,0.3447820924751101
33,0:32:48,0:33:49,1968.32,2029.83,61.51,0.09127951194898548
34,0:33:49,0:34:51,2029.83,2091.34,61.51,0.05283571581616382
35,0:34:51,0:35:52,2091.34,2152.85,61.51,0.10724403920473745
36,0:35:52,0:36:54,2152.85,2214.36,61.51,0.22485076555029251
37,0:36:54,0:37:55,2214.36,2275.87,61.51,0.08046228579928023
38,0:37:55,0:38:57,2275.87,2337.38,61.51,0.06573147086776032
39,0:38:57,0:39:58,2337.38,2398.89,61.51,0.17120204189853944
40,0:39:58,0:41:00,2398.89,2460.4,61.51,0.09482287970753452
41,0:41:00,0:42:01,2460.4,2521.91,61.51,0.06517538805088975
42,0:42:01,0:43:03,2521.91,2583.42,61.51,0.2085467393376352
43,0:43:03,0:44:04,2583.42,2644.93,61.51,0.1773135597528159
44,0:44:04,0:45:06,2644.93,2706.44,61.51,0.07401124215659945
45,0:45:06,0:46:07,2706.44,2767.95,61.51,0.23640553594463654
46,0:46:07,0:47:09,2767.95,2829.46,61.51,0.05001797911669552
47,0:47:09,0:48:10,2829.46,2890.97,61.51,0.05744255003776064
48,0:48:10,0:49:12,2890.97,2952.48,61.51,0.13253938122833717
49,0:49:12,0:50:13,2952.48,3013.99,61.51,0.0552227532936101
50,0:50:13,0:51:15,3013.99,3075.5,61.51,0.3274328452187282
51,0:51:15,0:52:17,3075.5,3137.01,61.51,0.18854230060275487
52,0:52:17,0:53:18,3137.01,3198.52,61.51,0.08292710779234089
53,0:53:18,0:54:20,3198.52,3260.03,61.51,0.33220289544877
54,0:54:20,0:55:21,3260.03,3321.54,61.51,0.2738113555384648
55,0:55:21,0:56:23,3321.54,3383.05,61.51,0.07094925832169215
56,0:56:23,0:57:24,3383.05,3444.56,61.51,0.2279679954416503
57,0:57:24,0:58:26,3444.56,3506.07,61.51,0.09990731461141342
58,0:58:26,0:59:27,3506.07,3567.58,61.51,0.08928174585909811
59,0:59:27,1:00:29,3567.58,3629.09,61.51,0.17495340743737223
60,1:00:29,1:01:30,3629.09,3690.6,61.51,0.17715844685707022
61,1:01:30,1:02:32,3690.6,3752.11,61.51,0.18299885924540407
62,1:02:32,1:03:33,3752.11,3813.62,61.51,0.07768240834490743
63,1:03:33,1:04:35,3813.62,3875.13,61.51,0.1704000483932916
64,1:04:35,1:05:36,3875.13,3936.64,61.51,0.21553752541429277
65,1:05:36,1:06:38,3936.64,3998.15,61.51,0.07905194171710082
66,1:06:38,1:07:39,3998.15,4059.66,61.51,0.14155339648743748
67,1:07:39,1:08:41,4059.66,4121.17,61.51,0.12563094102212477
68,1:08:41,1:09:42,4121.17,4182.68,61.51,1.0
69,1:09:42,1:10:44,4182.68,4244.19,61.51,0.14951650242502418
70,1:10:44,1:11:45,4244.19,4305.7,61.51,0.16424047532429792
71,1:11:45,1:12:47,4305.7,4367.21,61.51,0.5215015894242144
72,1:12:47,1:13:48,4367.21,4428.72,61.51,0.08749441921590391
73,1:13:48,1:14:50,4428.72,4490.23,61.51,0.2630880932982737
74,1:14:50,1:15:51,4490.23,4551.74,61.51,0.11435320585500336
75,1:15:51,1:16:53,4551.74,4613.25,61.51,0.24236508018855085
76,1:16:53,1:17:54,4613.25,4674.76,61.51,0.11451626087445438
77,1:17:54,1:18:56,4674.76,4736.27,61.51,0.0848220555780426
78,1:18:56,1:19:57,4736.27,4797.78,61.51,0.07123954830942304
79,1:19:57,1:20:59,4797.78,4859.29,61.51,0.32654719109958397
80,1:20:59,1:22:00,4859.29,4920.8,61.51,0.08180302897304169
81,1:22:00,1:23:02,4920.8,4982.31,61.51,0.11586725368083559
82,1:23:02,1:24:03,4982.31,5043.82,61.51,0.1957666817097466
83,1:24:03,1:25:05,5043.82,5105.33,61.51,0.10153837460440476
84,1:25:05,1:26:06,5105.33,5166.84,61.51,0.1688699016680566
85,1:26:06,1:27:08,5166.84,5228.35,61.51,0.18395754870483885
86,1:27:08,1:28:09,5228.35,5289.86,61.51,0.06581395089570051
87,1:28:09,1:29:11,5289.86,5351.37,61.51,0.07289701049743492
88,1:29:11,1:30:12,5351.37,5412.88,61.51,0.053693183445603705
89,1:30:12,1:31:14,5412.88,5474.39,61.51,0.1268955632332101
90,1:31:14,1:32:15,5474.39,5535.9,61.51,0.19225688015645231
91,1:32:15,1:33:17,5535.9,5597.41,61.51,0.05616507553865207
92,1:33:17,1:34:18,5597.41,5658.92,61.51,0.11169514340611149
93,1:34:18,1:35:20,5658.92,5720.43,61.51,0.14834243652307938
94,1:35:20,1:36:21,5720.43,5781.94,61.51,0.06773167862405712
95,1:36:21,1:37:23,5781.94,5843.45,61.51,0.18629832867800117
96,1:37:23,1:38:24,5843.45,5904.96,61.51,0.07630788431389919
97,1:38:24,1:39:26,5904.96,5966.47,61.51,0.21214790214504017
98,1:39:26,1:40:27,5966.47,6027.98,61.51,0.1156526821832957
99,1:40:27,1:41:29,6027.98,6089.49,61.51,0.06173510691151644
100,1:41:29,1:42:31,6089.49,6151.0,61.51,0.11996077449497518
