model,n_features,balanced_accuracy
LogisticRegression,1,0.3478
LogisticRegression,2,0.4783
LogisticRegression,3,0.6957
LogisticRegression,4,0.6522
LogisticRegression,5,0.6087
LogisticRegression,6,0.6957
LogisticRegression,7,0.6957
LogisticRegression,8,0.6522
LogisticRegression,9,0.6087
LogisticRegression,10,0.5652
LogisticRegression,11,0.5652
LogisticRegression,12,0.5652
RandomForest,1,0.3913
RandomForest,2,0.5217
RandomForest,3,0.6522
RandomForest,4,0.6087
RandomForest,5,0.6087
RandomForest,6,0.6087
RandomForest,7,0.6087
RandomForest,8,0.6087
RandomForest,9,0.6087
RandomForest,10,0.6087
RandomForest,11,0.6087
RandomForest,12,0.6087
