feature,label,seg13_val,seg13_z,seg13_percentile,seg22_val,seg22_z,seg22_percentile,diff (Seg13 - Seg22),z_diff (Seg13 - Seg22)
speech_rate,発話速度 (speech_rate),7.8511,0.9119503332408573,82.6086956521739,6.3514,-1.3214739322133617,8.695652173913043,1.4996999999999998,2.233424265454219
pause_ratio,沈黙率 (pause_ratio),0.0002,0.4543939431630022,78.26086956521739,0.0,-1.0386147272297188,34.78260869565217,0.0002,1.493008670392721
sentiment_polarity,コメント感情極性 (sentiment_polarity),-0.272727,0.7295123662458023,82.6086956521739,-0.555409,-0.4856648681472487,39.130434782608695,0.28268200000000004,1.215177234393051
grass_ratio,草率 (grass_ratio),0.1,0.21754377648472845,60.8695652173913,0.15,1.4214674673289882,91.30434782608695,-0.04999999999999999,-1.2039236908442597
exclamation_ratio,感嘆符率 (exclamation_ratio),0.0,-1.9484491670740838,4.3478260869565215,0.025,-1.0587816763509852,17.391304347826086,-0.025,-0.8896674907230986
hm_max,ヒートマップ最大 (hm_max),0.1269,-0.6650586712865093,34.78260869565217,0.0805,-1.1113023770375077,17.391304347826086,0.04640000000000001,0.44624370575099837
sub_comment_similarity,発話-コメ類似度 (sub_comment_similarity),0.9551,-0.5284359153701872,26.08695652173913,0.9591,-0.10568718307403743,43.47826086956522,-0.0040000000000000036,-0.42274873229614973
hm_volatility,ヒートマップ変動係数 (hm_volatility),0.3883983763853789,-0.43791887082453324,39.130434782608695,0.0,-0.7856915218702649,17.391304347826086,0.3883983763853789,0.3477726510457317
hm_mean,ヒートマップ平均 (hm_mean),0.0914,-0.4219853117819838,43.47826086956522,0.0805,-0.6363990078982047,34.78260869565217,0.010899999999999993,0.2144136961162209
question_ratio,疑問符率 (question_ratio),0.16,0.010905965759751493,56.52173913043478,0.15,-0.14685328736872524,47.826086956521735,0.010000000000000009,0.15775925312847675
comment_semantic_variance,コメ意味分散 (comment_semantic_variance),57.2638,1.1634256396518734,86.95652173913044,57.0791,1.096487349914227,82.6086956521739,0.18470000000000653,0.06693828973764648
comment_rate,コメント速度 (comment_rate),1.0638,0.2745014535709525,65.21739130434783,1.0811,0.3363497708845885,69.56521739130434,-0.01729999999999987,-0.06184831731363599
subtitle_sentiment_polarity,字幕感情極性 (subtitle_sentiment_polarity),0.0,0.8577796647025724,100.0,0.0,0.8577796647025724,100.0,0.0,0.0
