feature,label,top5_mean,top5_sd,top5_median,bottom5_mean,bottom5_sd,bottom5_median,diff_mean (Top - Bot),cliffs_delta,hedges_g,u_stat,p_value
question_ratio,疑問符率 (question_ratio),0.13399999999999998,0.04407720499305735,0.1304,0.17972,0.07488435751209994,0.1695,-0.04572000000000001,-0.44,-0.6720949778089472,7.0,0.30952380952380953
pause_ratio,沈黙率 (pause_ratio),0.00017999999999999998,8.366600265340754e-05,0.0002,0.0001,0.0001414213562373095,0.0,7.999999999999998e-05,0.4,0.6218984011114417,17.5,0.33211197790172275
hm_volatility,ヒートマップ変動係数 (hm_volatility),0.8290009212731319,0.9141535180161007,0.5815711563209822,0.5649352893125993,0.7616016808328363,0.3643703622304093,0.26406563196053257,0.36,0.2834885274921089,17.0,0.42063492063492064
grass_ratio,草率 (grass_ratio),0.07698,0.02419735522737971,0.0704,0.10564,0.04194273477016014,0.1017,-0.02865999999999999,-0.36,-0.7560376380007162,8.0,0.42063492063492064
hm_mean,ヒートマップ平均 (hm_mean),0.10269999999999999,0.03557597503934362,0.0914,0.1251,0.033829055558794424,0.119,-0.022400000000000003,-0.28,-0.5828353394941798,9.0,0.5476190476190477
sub_comment_similarity,発話-コメ類似度 (sub_comment_similarity),0.9581199999999999,0.006229927768441607,0.9579,0.9561400000000001,0.014953360826249082,0.9591,0.0019799999999997597,-0.2,0.15612850366816974,10.0,0.6904761904761905
comment_rate,コメント速度 (comment_rate),0.9776199999999999,0.1369113654887716,1.0496,1.15372,0.4508875103615091,1.0811,-0.17610000000000015,-0.2,-0.477365366414903,10.0,0.6904761904761905
comment_semantic_variance,コメ意味分散 (comment_semantic_variance),55.67226000000001,2.843625546375612,55.361,54.29581999999999,1.628500465765974,53.9359,1.3764400000000165,0.2,0.5365404526232225,15.0,0.6904761904761905
hm_max,ヒートマップ最大 (hm_max),0.17968,0.07259374628712861,0.2249,0.1966,0.09941943974897464,0.1616,-0.01691999999999999,-0.16,-0.17556864171261544,10.5,0.7532980334628383
exclamation_ratio,感嘆符率 (exclamation_ratio),0.05456,0.0400683540964687,0.0541,0.04772,0.031169327872124543,0.0339,0.006839999999999999,0.12,0.17211163401640564,14.0,0.8412698412698413
sentiment_polarity,コメント感情極性 (sentiment_polarity),-0.41545319999999997,0.40644023875558877,-0.571552,-0.5200726,0.1979724770474421,-0.555409,0.10461940000000003,-0.04,0.29559505931292734,12.0,1.0
speech_rate,発話速度 (speech_rate),7.376099999999999,0.32577367143463265,7.2652,7.35948,0.7262632009127268,7.6667,0.016619999999999635,-0.04,0.026671001337915695,12.0,1.0
subtitle_sentiment_polarity,字幕感情極性 (subtitle_sentiment_polarity),-0.4,0.5477225575051662,0.0,-0.4,0.5477225575051662,0.0,0.0,0.0,0.0,12.5,1.0
