種別,セグメントID,テキスト,日本語BERT_判定,多言語XLM-R_判定
字幕,1,せになるかどうかと いうのを僕はベストで考える一番最初に 考えるべきだと思うんですよね要は自分が 幸せになるために社会に迷惑をかけては いけないよねっていう話でなので自分が すげーやりたいんだったら社会は自分が 楽しくなるために存在するので,Neutral,Positive
字幕,2,のでなかなかその女の人がこう 子育てをしながら働くってなると ヨーロッパの場合だとそのフランスの場合だとその 父親と母親が両方が手分けしたりするので なのであのまあ子供の負担というのは多少 ありながらもまああのキャリアを男女 詰めるよねなん,Neutral,Negative
字幕,2,カ とかよりは割とみんな甘い目で見てくれますね なのでそのなんかじゃあフランスとかで 子供を見ましたってなってなんかじゃあ あの1ヶ月ぐらい経つとあのいつ職場に 復帰するのって聞かれるのが当たり前って いう文化なんですけどでも日本の場合って,Negative,Neutral
字幕,3,うかと思うんですけどでも あの何年か経った後に めちゃめちゃ政治的にうまくいく可能性も あるんですよ小池百合子さんも元々テレビ 東京のキャスターとかアナウンサーですよ ねだからそのなんかテレビアナウンサー 上がりなんですけどでもそのなんかじ,Neutral,Positive
字幕,3,良くないという決めつけも どうかなとは思うんですよただあの得意な あきこさんがあの当選してから勉強します みたいなのは先にやっとけよって思うので なんか態度としてどうかなと思うんです けどただまあそのそれがじゃあ絶対的に 政治家になってはな,Negative,Positive
字幕,5,さんこんばんは27さん男です私には1歳 の子供がいます正直愛するか不安でしたが 可愛くて仕方がありません時より夜泣きを あやすのに辛い時もありますがふとした時 に生まれてきてありがとうと思います女性 は出産に伴って脳が変化すると言いますが ,Negative,Positive
字幕,6,大手の通信キャリアに勤めて年収700万 の29歳です僕の目標は40歳まで年収 2000万超えることですうちの会社だと 本部長くらいにならないともらえないので 無理ですGoogleが 科学戦略コンサルか総合商社に中途入社 するか予備試験を受け,Neutral,Negative
字幕,6, 2000万を立てたいっていう目標を他人 に任せてるっていうのが僕間違いだと思う んですよ要は戦略コンサルの 偉い人とか人事の人にお前すごいなあ じゃあ年収2000万円やるよ Googleでもいいですけどっていう その他人にそのなんかその ,Neutral,Negative
字幕,6,首根っこを掴まれた状態でそのお願いし ますように2000万にしてくださいよっ ていうのをやらなきゃいけないっていうの がその人生でせっかく目標を立ててやって きてで優秀だと思うんですよね29歳の 年収700万円なのでなんでそれであれば その,Positive,Neutral
字幕,6,広げるっていう風に生きてった方が 幸せな確率は高いんじゃないとか角度って いうのは確率の確認のです アングルじゃないですすいませんあのこの 三角形の180度とかの角度じゃなくて 確率の角度であのその 確かさっていう意味で使いましたすいません,Neutral,Negative
字幕,7,要はそのこういう部署が人足り ないからお前行ってこいって言われて 飛ばされたりとかであのこのプロジェクト は絶対うまくいくって言っても上司が理解 しないとそんなやんねえよって言われ ちゃったりするみたいなのでなので基本的 にはその与えられた,Negative,Neutral
字幕,7,状況の中でどういう風 にその自分が立ち居振る舞うかっていう ところで会社を考えればいいのでなので なんかこう思い通りにならなかったって 言ってそんなもんだよねっていう気がします,Negative,Neutral
字幕,8,んですけどあの 13歳から17歳が1%見てるという感じ で割とあのデータは見れたりするので YouTubeやってみるといろいろ データが見ると面白いですよなんかそう データが見るのが面白いという性格がある かどうかでやるんですけど まあでも,Neutral,Positive
字幕,8,あの夜にやると10代が見れない なら当然と思いますけど私は頑張ってと,Positive,Negative
字幕,9,になんかあの 頑張ってってやる気があっていう人ってい ないと思うんですよねそのえっと何かを しようとしてる人にあのなんか 応援してるよ的なメッセージを伝える言葉として 頑張ってという言葉があるんですよで じゃあ何かを一緒にやろうとする人に ,Neutral,Positive
字幕,9,くさ がるじゃねえかみたいな,Neutral,Negative
字幕,10,もまあ家賃とか親に出しても やってるんでしょうねきっとなのでもう そこは親に金を出してもらってる限りは もう親に金出してもらってるから仕方ない ので後2年間卒業するまで 我慢すればいいんじゃないかなと思います けどただそこを揉めてあのその一,Negative,Positive
字幕,11,ど多分ネット上でもそっち側の意見 のが多いんじゃないかなと思うんですけど でまぁたまたまその何もなまあ表向き何も なかったように見えるんですけど動物に よってはストレスにめちゃくちゃ弱い動物 っていたりするんですよねなんでその突然 人間がバ,Neutral,Negative
字幕,11,そのなんかトラブルのように見える形の 演出としてやってるんならいいんですけど なんかその動物園側がクレームを入れて るって時点で多分演出でも何でもないと 思うんですよねでその 意見に陥るのそんなに面白い」っていう僕 はそっちのが気になるんで,Neutral,Negative
字幕,11,すよねそのなんか 池に落ちただけでそんな笑えるっていう方 が僕はむしろ気になるのでなのでなんか そこら辺のその芸人さんの笑いの取り方が ちょっと安易だという風な部分があるん じゃないかなと思いますけど,Neutral,Positive
字幕,12,の世論は その大使偉いとなったんですけどいやいや 国連出てくかどうかを現場の職員が決め ちゃダメでしょっていう風に僕は思うん ですよでもなんかそういう個人の権限で できることってあるので その今だとまあその電話が通じるとか インターネットが,Neutral,Negative
字幕,12,正するしかないよねとかっていうの だったりするのでなんでなんだかんだ言っ てその法律とか憲法がどうこうっていうの もまあ大事ではあるんですけどただあの 現場の人で実はあの物事決められてしまう よねっていうのは昔からあんまり変わん ないんじゃ,Neutral,Negative
字幕,13,で他のゲームを全くしませんほっといても 大丈夫そう大丈夫でしょうか ちなみにマイクラPCで英語設定してます 英語設定のPCでマイクラをきちんとやっ てるんだったら全然問題ないと思いますよ それが興味がある時期は子供ってその なんかこれ大好き,Neutral,Positive
字幕,13,っていう時にあの めちゃめちゃ長い時間かけて集中するって なるんですけどであの子供の頃に集中する 癖をつけといったこの方が割と 成功する確率高いんですよねこのままあの 嫌いなものに集中できるこの方が学校の 政局があるんですけどただ嫌いなもの,Negative,Positive
字幕,13,じゃ なくても好きなものだけでもめちゃめちゃ 集中できるっていうのがあると何かこれ やりたいって時に2時間3時間で集中でき たりするとそれだけでそれなんか毎日の やると結構いろんなものが習得できたり するんですよ なんでその小学生ってその集,Neutral,Positive
字幕,13, いうのであれば若いうちから集中力が 鍛えられるって事になるので全然問題ない んじゃないかなと思いますけど,Neutral,Positive
字幕,14,治療院業界で勤めてる26歳です 業界は衰退期に突入しておりどこの会社も MAで大手が伸びてる状態です私の会社 25人規模の会社でここ最近は予算を 下回っています 患部にはなりましたが社長覗き寒ンバー さん人で院長陣と私になります 幹部といっ,Neutral,Negative
字幕,14,ればその大手から仕事を受け るっていう形でそのなんかあのお金を もらった方が儲かる気がするんですよね その治療院的なものがなくなるかって言っ てなくなるわけではないと思うのですい ませんゲップしました なのであのその要は会社員とか幹部という,Negative,Positive
字幕,14, を毎日続けるのってありなのかなっていう のを試してみればいいんじゃないかなと 思いますけど 結構その飲食店ってあの土日はその開け たいけど人がいなくて開けれないみたいな お店もあったりするのでなのであの土日 だけちょっと働かしてくれません,Neutral,Negative
字幕,15,うつ病や統合失調症は病気なんでしょうか はいがんのようにがん細胞が見ず見つから ず頭が走れそうですその 脳の動きがどのようになっているのかって いうのを開けてチェックすることができ ないのでなのでその要は一応 脳の中でその神経が繋がっていて,Neutral,Negative
字幕,15,でそこに こう電気信号が通ることで言ってその人は なんかあの記憶だったり考えを教えると 言われてるんですけどじゃああなたの考え がどういう風になってるのか開いて見てみ ましょう」ってやると死んじゃうんですよね なのであの主要みたいな全然不必,Negative,Neutral
字幕,15,できない のでなのであのそのガンみたいな感じで わかりやすい形にならないっていうのでで もそれをこう実際直せるようになるのは 50年ぐらいかかるじゃないですかね そのナノロボットみたいなものがその 血管経由で送ってでその 脳神経とかをある程,Neutral,Negative
字幕,16,っていう感じでその 投資の考えがイコール党の考え方なので そのまあその投手に逆らったらもうこの 通りいられないよねっていう状況が変わら ないっていう意味で行くとやっぱりその 投手のワンマンっていうのがあるんじゃ ないかなと思いますけどなんで,Neutral,Negative
字幕,16,くとやっぱりあのなんか ワンマンインディー政党の枠に共産党は 構造的に入っちゃうのかなと思いますけど,Neutral,Negative
字幕,17,ことですが高校らしいって心も 積雪じゃない逆に 臭い不潔な構成中じゃないのでしょうか Yahooニュースのコメントなんだ学校 は間違ってない系のコメントが多く届け ましたの健康を教えてください 多分その学校の方向性によるんですよね 結局その,Neutral,Negative
字幕,17,どんなあのコアローってその 髪の毛をこう編んでてそのトウモロコシのようにこう 房を作るっていう 日本人でその直毛の人だと無理なんです けどそのあの黒人さんとか割とあの くせっ毛のある人だとでき るっていうのがあるんですけどでその高速 という,Neutral,Negative
字幕,18,日本の場合 めちゃくちゃ低いんですよ あのえっとそのタレントさんとかで 顔がいいだけで売れてる人って 20代ぐらいで終わっちゃうんですよね 阿部寛さんっていう元々メンズノンドとか 持ってるであの人かっこいいよね背高いよ ねって言われた人がい,Negative,Positive
字幕,18,0代でも稼いでる人ってそんなに顔良く ないんですよつか声 なのでその顔で食おうとするっていうのを 挑戦する時点でかなり難易度高いんですよ ね僕思いつかないですよね顔だけで40代 まで行ってうまく稼いでる人って 日本の場合だとあの女性の場合は,Neutral,Negative
字幕,18,顔がいい というので20代のうちに金持ちと結婚 することで勝ち抜けができるんですよ コメントで例えば竹野内豊とかって書いたんですけど 竹内豊さんは役者としての演技がちゃんと できますなのであの 演技がそんなにできないけどイケメンだけ でなん,Neutral,Positive
字幕,19,えっと15万円で暮らせるようにコストを 下げればいいんじゃないですか今の仕事を 続けたいのであれば15万円で生活できる ような形の生活っていうのをすればいいだけなので 一応それまで高さ相棒出てますねすいません相棒 めっちゃいいよそうだった ,Neutral,Positive
字幕,19,あれがいるかな顔だけでうまくいった人 いやなんか結構ね男性は厳しいですよね顔 がいいと割とそのあのまあ仕事とかでも それなりに採用されてしまうのでなんか うまくいっちゃう感じがするんですよねな のであの石田一成さんとかが多分昔顔が いいけど,Neutral,Positive
字幕,19,実態としてそこまで能力が高く ないということで多分今苦労し てらっしゃる感じになるんじゃないかなと思うけど,Neutral,Negative
字幕,22,す 魅力的に堀江氏のことどうも堀江は細君が 苦手派でもあのやれることが増えたって いうのであの 楽しくやるんじゃないですかただその なんか世間の人がそういう行動に対して どう思うのかっていうところを多分 ちょっと見誤り始めてる気がするんです,Neutral,Positive
字幕,22,すよで多く の人の支持がありませんでそのガチさんは 一応指示はあったんですけど世間的な微妙 な状態ですとでトワイアのルール的には 斎藤さん切りすること可能でしたなので じゃあ議員として 斎藤さんがじゃああの普通に政治活動する のであればまあ,Neutral,Negative
字幕,22,問題ないでしょうとただ 秘書がその国会議員かのように振る舞うと いうのになった時に別に俺はお前には投票 してないよっていうのは多分国民としては 出てきちゃうと思うんですよねですごく いいことをやってるのであれば別にいいん ですけど国会議員っ,Negative,Neutral
字幕,22,てならなくてもいい ことってできるんですよその国会議員じゃ ないとできないいいことってあんまりない し国会議員の秘書じゃないとできないいい ことというのも僕は知らないんですよねな のでその国会議員の一緒になったおかげで 社会にこういうメリッ,Neutral,Positive
字幕,22,トを提供することが できましたっていうのがあるんだったらあ そうなんだってなると思うんですけど今の ところなんかそういう話にもなってない気がするけど なのでなんか意味あるのかなーって気がします初めて,Neutral,Positive
字幕,23,今日のタイトルが子供と大人の勝ち負けの 基準っていうのをしたんですけど 子供の場合だと例えば 揉めてる相手が 殴り合いをして 殴り倒したであったら殴り倒した方が勝ちで 殴り倒された方が負けなんですよでもあの 二十歳超えると 殴り倒された方が,Negative,Neutral
字幕,23,ので立花 さんファンが喜んでるとで立花さんファン は元々立花さんファンなんですよなので それで別にファンが増えたわけなくファン が立花つえーって言ってるとでその川上 さん別にあの 芸能人でもYouTuberでもないので ファンを増やしたいと,Neutral,Positive
字幕,23,話ししたく ないですって言ってもいいんだっていうの があったのでなのでもう頭のおかしな人と は会話しませんっていうのを僕も公式に 言えるようになったのであの立花さんと よく対談をしろみたいのがなんか Twitterで来るんですけど立花さん ,Negative,Neutral
字幕,23,んですけどその後何を得 たのかっていうと僕立花さんが得たもの あんまりないと思うんですよねではその 世間で行くと 川上さんはあのガーシーさんに教養をされた 被害者なんですよその 警察に被害届を出してでそのじゃあガシ さんを支援していたし 友,Neutral,Negative
コメント,1,男梅サワーでかんぱーい！,Neutral,Positive
コメント,1,寝てればいいじゃん,Neutral,Negative
コメント,1,あざーす,Neutral,Positive
コメント,1,ようひろき,Neutral,Positive
コメント,1,うぃ〜ッス,Neutral,Positive
コメント,1,ひろゆきさん、こんばんは♡,Neutral,Positive
コメント,1,なんか痩せた？小顔に,Neutral,Positive
コメント,1,3月もあともうちょい。,Neutral,Positive
コメント,1,寂しいんでしょ(*^ーﾟ),Negative,Neutral
コメント,1,なんとなくの爆発力,Neutral,Positive
コメント,1,わ～,Neutral,Positive
コメント,1,乾杯ウィースっ:clinking_glasses:,Neutral,Positive
コメント,1,もう　ちよいで　なに:exclamation_question_mark:,Neutral,Negative
コメント,1,声低いな！？,Neutral,Negative
コメント,1,年度末にスパチャで小銭稼ぎしたいってことだよな,Neutral,Positive
コメント,1,風邪引いてる今がチャンス,Neutral,Negative
コメント,1,生稲晃子やガーシーや小池百合子に投票してしまう人を減らす方法はありますか（無いと思う場合は、無いと思う理由を言って下さい）。また博之氏は何歳ころに「有権者が成熟した判断を常に出来るとは限らない」と気づきましたか？,Neutral,Negative
コメント,1,:face-fuchsia-wide-eyes::face-fuchsia-wide-eyes::face-fuchsia-wide-eyes::face-fuchsia-wide-eyes::face-fuchsia-wide-eyes:ひろゆきは頑張り屋さん。,Neutral,Positive
コメント,1,ひろゆきさん♡こんばんはー:full_moon_face:おだいじになさってくださいね(´･ω･`),Neutral,Positive
コメント,1,溢れなかったね〜乾杯:clinking_beer_mugs:うぇっす,Negative,Positive
コメント,1,あれ?待機画面で待ってたぞ,Negative,Neutral
コメント,1,いつもと声が違う,Neutral,Negative
コメント,1,Bonne soirée:double_exclamation_mark:,Neutral,Positive
コメント,1,ひろゆき！,Neutral,Positive
コメント,1,鼻声ーお大事に,Neutral,Negative
コメント,1,ウェ〜す!,Neutral,Positive
コメント,1,そのせいで何かあっても納得できるなら仕方なしなのかな,Negative,Positive
コメント,1,たまごたまご,Neutral,Positive
コメント,1,ひろゆきさん、こんばんは。　27歳、男です。　私には1歳の子どもがいます。　正直、愛せるか不安でしたが、可愛くて仕方がありません。　時折夜泣きをあやすのに辛い時もありますが、ふとした時に「産まれてきてくれてありがとう」と思います。　女性は出産に伴って脳が変化するといいますが、男性もそうなのでしょうか？,Negative,Positive
コメント,1,１ヶ月で辞めれば？,Negative,Neutral
コメント,1,こんばんはー,Neutral,Positive
コメント,1,添い遂げようね。成し遂げようではなくて。,Neutral,Positive
コメント,1,激しく同意,Neutral,Positive
コメント,1,髪整っとるな！！！,Positive,Negative
コメント,1,うん、先生に同じ音言われたw 本当にいいのかと:virtualhug:,Positive,Neutral
コメント,1,一社の結果出てから次って訳じゃないし…断ることにならない？,Negative,Neutral
コメント,1,鼻声乙,Neutral,Negative
コメント,1,ひろゆきアルベッチョ,Neutral,Positive
コメント,1,ひろｻﾝ　こんばんゎ〜　٩(๑❛ᴗ❛๑)۶:cherry_blossom:,Neutral,Positive
コメント,1,やっぱやーめたー,Positive,Negative
コメント,1,こんちちは:smiling_face_with_hearts:,Neutral,Positive
コメント,1,こんばんは:curly_loop:,Neutral,Positive
コメント,1,大事なコメントだね,Neutral,Positive
コメント,2,次の就活にやや響く,Negative,Neutral
コメント,2,法に違反しないなら何ら問題なし,Negative,Neutral
コメント,2,なるほど。参考にならないw,Positive,Negative
コメント,2,ぴょん♪ぴょん♪ぴょん♪:virtualhug:,Neutral,Positive
コメント,2,こんばんは:sunset:,Neutral,Positive
コメント,2,そう思う,Neutral,Negative
コメント,2,迷惑ゆき,Negative,Neutral
コメント,2,辞退したら他の人が入れるからいいことしてる,Negative,Positive
コメント,2,ちわっ(^^),Neutral,Positive
コメント,2,上司と合わず、4月から異動します。異動希望が通ったのは良かったのですが、その上司も異動になりました。仕事自体は割と楽な方で次の異動先は割と忙しいことから、上司が異動するなら正直異動希望出さなくても良かったのかなと思っています。一方で、次の上司が合う人とは限らないところもあるので、異動を希望した自分の判断が正しかったのか分からなくなってしまいました。どんな気持ちでいるべきかアドバイスをお願いします。,Neutral,Positive
コメント,2,迷惑かけられるの好きだけどなー,Positive,Negative
コメント,2,きちんと、内定辞退のお話を人事としてくれれば良いと思います,Neutral,Negative
コメント,2,お大事にm(_ _)m,Neutral,Negative
コメント,2,日本独特,Positive,Neutral
コメント,2,やっぱり,Neutral,Negative
コメント,2,日本人に限らないのでは？,Neutral,Negative
コメント,2,女性側に問題あるかも　主夫になりたい男性を選べばよいかと・・・・,Neutral,Negative
コメント,2,フランスは事実婚が多いよ,Negative,Neutral
コメント,2,イスラムよりましだろ,Neutral,Negative
コメント,2,初めてライブきた,Neutral,Positive
コメント,2,どこと比べてんだよ。,Negative,Neutral
コメント,2,おっさんだけど家事バリバリやで,Positive,Neutral
コメント,2,男七歳台所に入るんじゃねー！,Negative,Neutral
コメント,2,スパチャの嵐,Neutral,Negative
コメント,2,川ゎ見えません　:moon_viewing_ceremony::leopard:w,Neutral,Negative
コメント,2,右下にボヤボヤしてるのなんや,Neutral,Negative
コメント,2,平等ではないね,Neutral,Negative
コメント,2,奥さんパ−トに出てるとこ圧倒的かかあ天下,Neutral,Positive
コメント,2,こんばんは(^-^*)/:heart_suit:,Neutral,Positive
コメント,2,:sparkling_heart::sparkling_heart::sparkling_heart:hiroyuki:sparkling_heart::sparkling_heart::sparkling_heart:,Neutral,Negative
コメント,2,海も見えません　:moon_viewing_ceremony::leopard:w,Neutral,Negative
コメント,2,ひろゆきさんこんばんは。些細な疑問なのですが、ひろゆきさんがyoutubeライブされる際「この時間にライブしたらこれくらいの年齢層がくる」等の統計は取られてたりするのでしょうか？くだらない質問ですみません。,Neutral,Negative
コメント,2,日本ほど女性の地位のたかい国はないぞ、あほな,Negative,Positive
コメント,2,ひろゆき、後頭部ぺったん:virtualhug:,Negative,Positive
コメント,2,ならみなけりゃいいじゃん,Neutral,Positive
コメント,2,右下やばいのおる,Neutral,Negative
コメント,2,たしかに,Neutral,Negative
コメント,2,そー思う^ ^,Neutral,Positive
コメント,2,今日音でかいな,Positive,Negative
コメント,3,なるほど,Neutral,Positive
コメント,3,看護師多いな,Neutral,Negative
コメント,3,ASDの息子25歳国立大学中退今は通信大学4年生です自分でプログラミングを勉強してる様ですが社会に出るのは難しいですどの様に見守り1人で自立出来る様にしたらよいでしょうか,Neutral,Negative
コメント,3,お疲れかな,Neutral,Negative
コメント,3,ありません( - ̀ω -́ )✧,Neutral,Positive
コメント,3,そのまんまひガーシー,Negative,Neutral
コメント,3,こんばんは:sparkles:,Neutral,Positive
コメント,3,にゃんにゃん,Neutral,Positive
コメント,3,ガーシーに投票するひともいる,Neutral,Positive
コメント,3,やわらかアタマ,Positive,Negative
コメント,3,よろしくなぃ　:pouting_cat:w,Neutral,Positive
コメント,3,今イケボでもそのうち裏返るよ？:virtualhug:,Neutral,Negative
コメント,3,右下 気になるね,Neutral,Positive
コメント,3,:red_heart::red_heart::red_heart:hiroyuki:red_heart::red_heart::red_heart:,Neutral,Negative
コメント,3,風邪引いたらイケボになるひろゆき,Negative,Positive
コメント,3,よろちと言うもんがよろち！　:pouting_cat:w,Neutral,Positive
コメント,3,生稲晃子はどうなのかな？,Neutral,Negative
コメント,3,そうですねえー,Neutral,Negative
コメント,3,禁煙パイポ,Neutral,Negative
コメント,3,小池百合子さん気強い！,Negative,Positive
コメント,3,カメラの手前にある右下のやつで大喜利しよー,Neutral,Positive
コメント,3,高市さんは未来の総理だね,Neutral,Positive
コメント,3,トランプがいい例,Neutral,Positive
コメント,3,タックル議員,Negative,Neutral
コメント,3,生稲晃子,Negative,Neutral
コメント,3,ただタレント議員はロクな奴はいない事実,Negative,Neutral
コメント,3,政界はタレントの再生工場かよ,Negative,Neutral
コメント,3,ぽんた。さんの質問、全然くだらなくありませんよ！私も気になります,Neutral,Positive
コメント,3,カピパッ♪カピパッ♪カピパッ♪:virtualhug:w,Neutral,Positive
コメント,4,扇　千景氏のご冥福を祈ります,Neutral,Positive
コメント,4,ガーシーのどこが良かったんだろか？,Negative,Neutral
コメント,4,偏差値高い高校出てるしね生稲さん:virtualhug:,Negative,Positive
コメント,4,目が疲れるので右下のピンボケしてる何かを避けていただけると助かります(´･ω･`),Neutral,Negative
コメント,4,おニャン子,Neutral,Positive
コメント,4,スシロー君が今後、迷惑系YouTuberになったら伸びると思いますか？彼は今後どうすればよい？,Negative,Neutral
コメント,4,ダプリン♪ダプリン♪ダプリン♪:virtualhug:w,Neutral,Positive
コメント,4,いぬやしき,Neutral,Positive
コメント,4,もう4500人も居る〜,Negative,Neutral
コメント,4,あごひげおじさん！,Neutral,Positive
コメント,4,洗濯物を干してるに一票,Neutral,Positive
コメント,4,ガーシーならガレソやコレコレの方がマシ,Negative,Neutral
コメント,4,はやく　はやくー,Neutral,Positive
コメント,4,一回、別居したらいいよ,Negative,Neutral
コメント,4,お願いします。近所の神社の修繕費用を３万円寄付せよと手紙が。支払わなければならないのでしょうか？ ,Negative,Neutral
コメント,4,右下：片付けられないひろゆきが置きっぱなしにした脱いだ靴下,Negative,Neutral
コメント,5,　生きてる価値ないよ、死んだ後に生きた価値が決まるから,Negative,Neutral
コメント,5,そんな簡単なら　ぜってーみんなやってる　離婚,Negative,Neutral
コメント,5,ちくわぶ氏 離婚しようよ なんかキャッチー:virtualhug:,Neutral,Positive
コメント,5,マーベルゆき〜:sparkling_heart::sparkling_heart::musical_notes:,Neutral,Positive
コメント,5,ひろゆき:smiling_face_with_smiling_eyes:こんばんは:sparkles:,Neutral,Positive
コメント,5,俺はドラゴンボールレジェンズ,Neutral,Positive
コメント,5,クラロワ～,Neutral,Positive
コメント,5,クラロワ、バージョンアップしたよね。,Neutral,Positive
コメント,5,やっぱりクラロワですかー,Neutral,Negative
コメント,5,:thanksdoc::thanksdoc::thanksdoc::videocall:ばんゎ〜♪w,Neutral,Positive
コメント,5,(´・∀・｀)ﾍｰ,Neutral,Positive
コメント,5,母親脳,Negative,Neutral
コメント,5,ほうほう,Neutral,Positive
コメント,5,いいんじゃないですかー,Neutral,Positive
コメント,5,なるほど,Neutral,Positive
コメント,5,うゎ〜　:face-blue-heart-eyes:w,Neutral,Positive
コメント,5,日本にも育休できたんですね,Neutral,Positive
コメント,5,男性も休んでね,Negative,Neutral
コメント,5,義務化されていいケースやな,Neutral,Positive
コメント,5,子供を産んだ瞬間に記憶力が上がるって吉田戦車さんの「まんが親」という育児漫画に書いてあった。,Neutral,Positive
コメント,5,オキシトシンー,Neutral,Positive
コメント,5,ひろゆきさんのポジティブsシンキング好きです！離婚届書いちゃって！さっさと別れればいいんじゃないですか？^_^,Negative,Positive
コメント,5,うんうん　:zebra:,Neutral,Positive
コメント,6,ちゃんとしてる,Positive,Neutral
コメント,6,だよね,Neutral,Negative
コメント,6,照明は白灯より黄色灯がいいよ:virtualhug:,Neutral,Positive
コメント,6,西から～:musical_notes:送った公文書～朝日に渡る～:musical_notes:（え！毎日じゃないの？）これで～いいのだ～:musical_notes:これで～いいのだ～:musical_notes:立憲～コニタン:cat:コニタンタン:musical_notes:転載～一家だ:musical_notes:コ～ニ～タン:cat:タンｗ最終稿なので添削をお願いしま～すw「太鼓の達人」で遊べるように構成してありますｗ,Neutral,Positive
コメント,6,おお,Neutral,Positive
コメント,6,年収高いな,Negative,Positive
コメント,6,同僚は育休が原因で昇格が伸びました,Negative,Positive
コメント,6,ぴろゆき,Neutral,Positive
コメント,6,日本は後進国,Negative,Positive
コメント,6,るるる〜,Neutral,Positive
コメント,6,エリートやな,Neutral,Negative
コメント,6,ヨーロッパでもフランスはすぴっ,Neutral,Positive
コメント,6,雇われでその金額貰うのってごく一部だぞ,Neutral,Negative
コメント,6,:red_heart::red_heart::red_heart:ひろゆき様だいすき:red_heart::red_heart::red_heart:,Neutral,Positive
コメント,6,音質ひでーな,Neutral,Negative
コメント,6,無理な事は、諦めよ。,Negative,Neutral
コメント,6,ひろゆきって名前社長多いよね,Neutral,Positive
コメント,6,初見ですm(_ _)m,Neutral,Negative
コメント,6,Googleも人減らしてなかったっけ？,Neutral,Negative
コメント,6,GOOGLEとかすぐレイオフしそう,Neutral,Negative
コメント,6,1999年12月末ににオーストラリアへ飛行機で移動していましたが意味も分からずシンガポール空港で足止めされた記憶があります。2000年問題の時ひろゆきさんは専門分野として大変だった思い出はありますか？,Negative,Neutral
コメント,6,Googleのお掃除くらいしかできんw:virtualhug:,Negative,Neutral
コメント,6,自分で事業やった方が楽に年収いくやろ,Positive,Neutral
コメント,6,IT系はリストラ凄いよね,Neutral,Positive
コメント,6,言われた,Negative,Neutral
コメント,6,アメリカに行ったほうが、早く達成できるかと。,Neutral,Positive
コメント,6,40才からは会社辞めたらポンコツアルバイターでございます:rolling_on_the_floor_laughing:,Negative,Neutral
コメント,6,労働者は皆そうやん,Neutral,Negative
コメント,6,男らしい手しとるね:red_heart:,Neutral,Positive
コメント,6,グーグルの清掃員の年収けっこう高そう,Neutral,Positive
コメント,6,キャッコﾁｬﾝ♪　キャッコﾁｬﾝ♪　:virtualhug:w,Neutral,Positive
コメント,6,おわりでーすｗ,Neutral,Positive
コメント,6,きゃっきゃきゃっきゃ:virtualhug:,Neutral,Positive
コメント,6,それな。,Neutral,Negative
コメント,6,確度が高い、を覚えた,Neutral,Positive
コメント,6,なるほど,Neutral,Positive
コメント,6,,Neutral,Negative
コメント,6,:red_heart::red_heart::red_heart:hiroyuki:red_heart::red_heart::red_heart:,Neutral,Negative
コメント,6,りはっくま！,Neutral,Positive
コメント,7,目標を年収にするならなぁ…。,Neutral,Positive
コメント,7,キャッコﾁｬﾝ♪　キャッコﾁｬﾝ♪　:virtualhug:w,Neutral,Positive
コメント,7,難しい,Negative,Neutral
コメント,7,清掃なんてビル管だから関係ないよ,Negative,Neutral
コメント,7,異動希望なんて出せる会社あるのか,Neutral,Positive
コメント,7,初対面の警察に「なぜタメ口なんですか」と質問したら、「目上だから」と言われました。目上とはどういった点からかと聞くと、自分の方が年齢が上とのことでした。警察にこういう態度の人が多いのはなぜでしょうか？犯罪をしたわけでも職務質問を受けたわけでもなく、忘れ物の受け取りの際の話です。,Negative,Neutral
コメント,7,気にしなくていいよｗ,Positive,Neutral
コメント,7,僕の学年の8人くらいが、練習試合で遠い所に行く時、保護者の車を使って送ってもらったら、顧問にキレられて残り２つの公式戦に出さないとはっきり言われました。,Negative,Neutral
コメント,7,えっとま〜:red_heart::red_heart::red_heart:,Neutral,Negative
コメント,7,気持ちはどーでもよくてお金大事にして下さい。,Neutral,Positive
コメント,7,黄色のパーカーがベージュになってきた？,Neutral,Negative
コメント,7,わこつです,Neutral,Positive
コメント,7,希望出しても会社の都合で動かされる,Negative,Neutral
コメント,7,にゃー　:ribbon::kissing_cat:,Neutral,Negative
コメント,7,かぜーにーふかれてー あるきーつづけてー,Neutral,Positive
コメント,7,一人親方1000万楽楽かもよ、能力次第:ribbon:,Neutral,Positive
コメント,7,飛ばされる～:balloon:,Negative,Neutral
コメント,7,いい角度がむずい　,Positive,Negative
コメント,7,早口言葉「にゃんこ、子にゃんこ、孫にゃんこ」めっちゃ早く噛まずに３回言える？,Negative,Neutral
コメント,8,:buffering:,Neutral,Negative
コメント,8,固まった,Negative,Neutral
コメント,8,固まった,Negative,Neutral
コメント,8,カクカク,Negative,Neutral
コメント,8,ようクルクルする,Neutral,Positive
コメント,8,:cyclone::cyclone:,Neutral,Negative
コメント,8,止まりました,Negative,Neutral
コメント,8,止まったね,Negative,Neutral
コメント,8,ぴょん♪ぴょん♪ぴょん♪:virtualhug:,Neutral,Positive
コメント,8,こんにちは〜,Neutral,Positive
コメント,8,:buffering::buffering:,Neutral,Negative
コメント,8,日本の麻には所謂麻薬成分の完備なノールはほとんど入ってないからね,Neutral,Negative
コメント,8,キャッコﾁｬﾝ♪　キャッコﾁｬﾝ♪　:virtualhug:,Neutral,Positive
コメント,8,あ！！まゆさん:sparkles:こんばんは〜,Neutral,Positive
コメント,8,アナリティクス噛んだら大事やな笑笑,Positive,Neutral
コメント,8,ポツポツしとる,Neutral,Negative
コメント,8,動いてるよ,Neutral,Positive
コメント,8,固まってないけど,Negative,Neutral
コメント,8,2倍速で追いつきましたにゃ:virtualhug:,Neutral,Positive
コメント,8,年寄り多そうｗｗ,Negative,Neutral
コメント,8,早送りで直った,Neutral,Positive
コメント,8,前から不思議に思ってたけど、ひろゆきさんなんでそんなにクスリに詳しいんだろ？,Neutral,Negative
コメント,8,今ふつーにうってる。皐かたまってた,Negative,Positive
コメント,8,おじさんおばさんだろ,Negative,Neutral
コメント,8,ほらｗｗ,Positive,Neutral
コメント,8,さすがDIOを論破した男,Neutral,Positive
コメント,8,中間層多いな,Neutral,Negative
コメント,8,かまぽこ♪　かまぽこ♪　かまぽこ♪　:virtualhug:w,Neutral,Positive
コメント,8,100歳だお,Neutral,Positive
コメント,8,４回休職して閑職へ異動になりました,Negative,Neutral
コメント,8,13歳！！,Positive,Neutral
コメント,8,まさに:face-green-smiling:,Neutral,Negative
コメント,8,４回休職して閑職へ異動になりました,Negative,Neutral
コメント,8,老人層どんなもんやろ,Neutral,Negative
コメント,9,理系おつー,Neutral,Positive
コメント,9,からっぽからのおりこうになるほーほー:volcano:,Neutral,Positive
コメント,9,おじさんおばさんなんだな。,Neutral,Positive
コメント,9,子供少ないのか、意外,Neutral,Negative
コメント,9,へー,Neutral,Negative
コメント,9,アホかどうかわかりますか？,Negative,Neutral
コメント,9,そういうデータあるんだぁ,Neutral,Positive
コメント,9,４回休職して閑職へ異動になりました,Negative,Neutral
コメント,9,ひろゆきのターゲットにされてる:eyes-purple-crying:,Neutral,Negative
コメント,9,ひろゆきさんこんばんはー:smiling_face_with_smiling_eyes:,Neutral,Positive
コメント,9,こんにちは今来ました,Neutral,Positive
コメント,9,おなしゃす,Neutral,Positive
コメント,9,前にくらべてスパチヤの値段安くなってきてるな,Neutral,Negative
コメント,9,はーいおばさんです:woman_raising_hand:,Neutral,Positive
コメント,9,マイクがぷつぷつ:studio_microphone:,Neutral,Positive
コメント,9,鬱病にはいわないよ～,Negative,Neutral
コメント,9,間にうける真面目な人か〜,Neutral,Positive
コメント,9,京都風やね,Neutral,Positive
コメント,10,高い,Negative,Neutral
コメント,10,愚問だ。,Negative,Neutral
コメント,10,なんで請求書？,Negative,Neutral
コメント,10,NHKどうにかなりませんか？,Neutral,Negative
コメント,10,こえー,Negative,Neutral
コメント,10,やばたにえんw,Positive,Negative
コメント,10,＞＜,Neutral,Negative
コメント,10,位置情報こわっ！,Neutral,Negative
コメント,10,こんばんは,Neutral,Positive
コメント,10,,Neutral,Negative
コメント,10,今日はお花見しました〜:cherry_blossom:,Neutral,Positive
コメント,10,2児の母です｡明石市の泉市長の功績を知り今後の子育て支援に希望を感じ3人目を妊娠中です｡気が早いですが4人目を考えるか夫婦で相談しています｡地元結婚のため子供を両親に預けたり助けてもらっています｡少子化が叫ばれる今4人目を育てる事が自分達ができる社会貢献ではないかと話し合ったりもしますが実際4人の子育ては大変だろうから3人育児に注力すればいいのではないかとも思います｡ご意見いただけますでしょうか？,Neutral,Positive
コメント,10,ビールの横のピンボケしてる何かも！！,Negative,Neutral
コメント,10,卒業まで待てばいいじゃん,Neutral,Positive
コメント,10,就職するまでは辛抱やな,Neutral,Negative
コメント,10,卒業まで待つしかない,Neutral,Negative
コメント,10,頑張れ:eyes-purple-crying:,Neutral,Positive
コメント,10,治療院業界で勤めている26歳です。 業界は衰退期に突入しておりどこの会社もM&Aで大手が伸びている状態です。私の会社は25人規模の会社でここ最近は予算を下回っています。 幹部にはなりましたが社長を除き、幹部は３人で院長陣と私になります。幹部と言っても年収は300万ほど。 先日結婚もして先が見えません。 他の業界に転職するべきでしょうか。 ちなみに 同じ会社にいる社員はこれから転職しsaas業界に転職するそうで、少し興味を持っています。,Neutral,Negative
コメント,10,金の為、ガマン,Neutral,Positive
コメント,11,ありません( - ̀ω -́ )✧,Neutral,Positive
コメント,11,こんちゃこんちゃ,Neutral,Positive
コメント,11,100日後に井のウエ という井上陽水さんモノマネ弾き語りを100曲アップしましたが、圧倒的に再生数が伸びません。 ひろゆきさんにコメント読んで頂いても多分伸びませんが、どれくらい伸びないか実験したくてスパチャさせて頂きました。,Neutral,Positive
コメント,11,ペンギンスパちゃ！,Neutral,Positive
コメント,11,ろーぎゃい,Neutral,Positive
コメント,11,へー,Neutral,Negative
コメント,11,へぇ,Neutral,Negative
コメント,11,こんばんは～,Neutral,Positive
コメント,11,あー,Negative,Neutral
コメント,11,討論もしなくていい　当事者だけでやってくれ,Negative,Neutral
コメント,11,芸人はオワコン,Negative,Neutral
コメント,11,ペンギンと泳ぎたい,Neutral,Positive
コメント,11,ペンギンを踏みそうだったよねアレ:penguin:,Neutral,Negative
コメント,11,ホオジロザメ,Neutral,Negative
コメント,11,ペンギンにかまれたことあります,Neutral,Negative
コメント,11,(ﾟｰﾟ)(｡_｡)ｳﾝｳﾝ,Neutral,Positive
コメント,11,海に、行きてー,Neutral,Positive
コメント,11,お決まりのヤツやな,Neutral,Negative
コメント,11,民事したらいいやん,Negative,Positive
コメント,11,au200xさん、わざわざスパチャでありがとうございます…:double_exclamation_mark:︎丁度使ってないスマホが一台あるのでそれでやります。,Neutral,Positive
コメント,11,喉の調子良くなってきたかも:red_question_mark:,Neutral,Positive
コメント,11,かすがすきだから今後は気をつけて欲しい,Neutral,Positive
コメント,11,ペンギンそうなのね,Neutral,Positive
コメント,11,身体張ってるのもいいことやし相談するべきやったな,Neutral,Positive
コメント,11,老人のプール！笑,Positive,Neutral
コメント,11,皇帝ペンギンが好きです:virtualhug:,Neutral,Positive
コメント,11,さすが村長:double_exclamation_mark::penguin:,Neutral,Positive
コメント,11,動物園いきたいなあ,Neutral,Positive
コメント,11,春日が炎上してたのか・・・,Neutral,Negative
コメント,11,ライオンにかまれる,Negative,Positive
コメント,11,,Neutral,Negative
コメント,11,白鳥って攻撃的だぞ,Negative,Positive
コメント,11,ひろゆきが最初の動画でペンギンにつつかれてたのもそんな感じか（,Neutral,Negative
コメント,11,厚着デスね,Neutral,Positive
コメント,12,組めばむずかしくない,Negative,Positive
コメント,12,草,Neutral,Negative
コメント,12,プログラミングってだいじじゃない?,Neutral,Negative
コメント,12,ボケてるってこと？,Neutral,Negative
コメント,12,介護福祉士、40代男です。以前エクセルのことでスパチャしたことがあります。病院に勤めてるのですが昇格人事でほぼ同期の人が介護主任に次ぐポジションに昇格しました。ただ無能です。一方以前同じ職場にいて現在訪問介護の仕事していて有能で手取り40万とのこと、そこに面接を受けに行きました。今のところは看護部長も無能です。面接先は勤めている病院より事業規模小さいです。転職すべきでしょうか？,Negative,Neutral
コメント,12,そーなのかー,Neutral,Negative
コメント,12,ひろゆきペンギンに似てる:eyes-purple-crying:,Neutral,Negative
コメント,12,今忙しいんじゃない？,Negative,Neutral
コメント,12,まだ届いてなかったんかｗ,Neutral,Negative
コメント,12,うーん,Negative,Neutral
コメント,12,勘違いです,Neutral,Negative
コメント,12,なるほどお,Neutral,Positive
コメント,12,彼らの得のために,Neutral,Positive
コメント,12,ん、ん〜:ogre:,Negative,Neutral
コメント,12,憲法9条バリア:double_exclamation_mark:,Neutral,Negative
コメント,12,キシダバンバンやっちゃえ,Neutral,Negative
コメント,12,へぇー,Neutral,Negative
コメント,12,第一次シャモジ戦争,Neutral,Negative
コメント,12,戦わないぞ,Negative,Neutral
コメント,12,先制攻撃はないと思うよ,Negative,Neutral
コメント,12,言ってもいいｗ,Positive,Neutral
コメント,12,仮初の平和,Neutral,Positive
コメント,12,,Neutral,Negative
コメント,12,あまり過信しないほうが良い。,Negative,Neutral
コメント,12,6歳の子供を育てながら、宅建、FPの資格を取得し、次は行政書士にチャレンジしたいと思っています。4月から子供が小学校に上がるので帰宅時間が早く、時間の確保が難しいと思いますが、効率よく勉強する方法はありますでしょうか？,Neutral,Positive
コメント,12,ゴルァ:eyes-purple-crying:,Neutral,Negative
コメント,12,なるほど,Neutral,Positive
コメント,12,中国、オラァーー,Negative,Positive
コメント,12,ゴルァ:eyes-purple-crying:,Neutral,Negative
コメント,12,お前るァ,Neutral,Negative
コメント,12,自衛隊発動権は、総理だろ、,Neutral,Negative
コメント,12,大使ぶちギレ,Neutral,Negative
コメント,12,戦争やらんだけは上はましやな,Neutral,Negative
コメント,12,江戸っ子だね。,Neutral,Positive
コメント,12,6歳の子供を育てながら、宅建、FPと資格を取得して、次は行政書士にチャレンジしたいと思っています。4月から子供が小学校に上がるので帰宅時間が早く、時間の確保が難しいと思いますが、効率よく勉強する方法はありますでしょうか？,Neutral,Positive
コメント,12,"ひろゆき, hiroyuki へー、俺も大使になろ",Neutral,Positive
コメント,12,オデがその仕事やりたーい、ぬっころー,Neutral,Positive
コメント,12,ノットイコールミーの尾木波菜が飼い猫を虐待してる件について思いますか？ (具体的に言うと配信中に猫をぬいぐるみ扱いしてる動画が多々上がってます。後ろに放り投げたり故意的に突き飛ばしたり。) 謝罪とかはどうでもよくて、どうにか猫を保護してほしいのですが、方法はありますか？,Neutral,Negative
コメント,12,ひろゆきって元ヤンなんだ:eyes-purple-crying:,Neutral,Negative
コメント,12,へー,Neutral,Negative
コメント,12,ロシアは　おそろしあ。,Negative,Positive
コメント,12,上様ーー,Neutral,Positive
コメント,12,国連ｲﾗﾈ,Negative,Positive
コメント,12,泣いてもらっていいですか,Neutral,Negative
コメント,12,昔の男気おとこぎw,Positive,Neutral
コメント,12,ひろゆきさん今日はうん○というでしょうか,Neutral,Positive
コメント,12,こんばんはー,Neutral,Positive
コメント,12,現在が過去に置き換われない。,Negative,Neutral
コメント,12,なるほど,Neutral,Positive
コメント,12,ダッサいのぉ,Neutral,Positive
コメント,12,ラグが長い頃の慣習がずっと残ってるのか,Neutral,Negative
コメント,13,いやでええす,Neutral,Negative
コメント,13,マグカップ:eyes-purple-crying:,Neutral,Negative
コメント,13,しゃもじがむずい,Neutral,Negative
コメント,13,パーカーは欲しいけども,Neutral,Negative
コメント,13,ペンギン村の村長さんだから、ペンギンに優しいの？,Neutral,Positive
コメント,13,やです,Negative,Neutral
コメント,13,草,Neutral,Negative
コメント,13,それはやらないでいいですw,Neutral,Negative
コメント,13,はずいです,Neutral,Negative
コメント,13,ペンギン村の村長さんだから、ペンギンに優しいの？,Neutral,Positive
コメント,13,逆に日本語大丈夫なんかな？,Neutral,Negative
コメント,13,ひろゆきのLINEスタンプ買ってしまった。,Negative,Positive
コメント,13,ドンマイです。,Neutral,Positive
コメント,13,ユニクロとコラボしてほしい,Neutral,Positive
コメント,13,視聴者の大半黄色パーカー着てるの想像したらうけるｗ,Neutral,Positive
コメント,13,ひろゆきのパーカー高いんじゃないの:eyes-purple-crying:,Neutral,Negative
コメント,13,ADHDの人,Neutral,Negative
コメント,13,へぇー,Neutral,Negative
コメント,13,研究者タイプやな,Neutral,Negative
コメント,13,YouTubeに集中しちゃってるけど,Neutral,Negative
コメント,13,ひろゆきがグッズ作って稼いでたら引くわ,Negative,Positive
コメント,14,"うちは先月5,000円ほどやったよ",Negative,Neutral
コメント,14,原油高,Negative,Neutral
コメント,14,日本は原発にスライドするよ、,Neutral,Negative
コメント,14,ふーん(ΦωΦ),Neutral,Negative
コメント,14,寝落ちゆき:virtualhug:,Negative,Neutral
コメント,14,こんばんわー,Neutral,Positive
コメント,14,電気代は政府が出してくれてw,Neutral,Positive
コメント,14,１月20000円。２月15000円。払った。,Negative,Neutral
コメント,14,うーん、安い。,Negative,Positive
コメント,14,電気代今月4万だぜ！,Negative,Positive
コメント,14,ゲップした:exclamation_question_mark:,Neutral,Negative
コメント,14,大丈夫日本全部右下下りだよーーー,Negative,Positive
コメント,14,可愛い喉鳴ったやろ？、 ,Neutral,Positive
コメント,14,2025年に大津波がくる説,Neutral,Negative
コメント,14,へー、,Neutral,Negative
コメント,14,ひろゆきっずたちはスタンプ持ってるよね,Neutral,Positive
コメント,14,電化代上がってるから色んな生活物質が高くなってるんだよー,Negative,Positive
コメント,14,来月念願の北区赤羽に行けることになりました。そこでひろゆきさんのオススメの飲食店教えてください！もしオススメがなければひろゆきさんのゆかりの飲食店教えていただければ嬉しいです！お願い致しますm(_ _)m,Neutral,Positive
コメント,14,笑笑,Positive,Neutral
コメント,14,ゲップかい！！！！！！,Neutral,Negative
コメント,14,グェフ。,Negative,Positive
コメント,14,わからなかった,Negative,Neutral
コメント,14,げっぷ許すまじ！（ｗ）,Positive,Negative
コメント,14,ゲップ:grinning_squinting_face:,Neutral,Negative
コメント,14,CO2,Negative,Neutral
コメント,14,謝れて偉い:clapping_hands:,Neutral,Positive
コメント,14,ゲップをエネルギーに！,Neutral,Positive
コメント,14,草,Neutral,Negative
コメント,14,さっさと出会って下さい。,Negative,Positive
コメント,14,そうですね。,Neutral,Negative
コメント,14,ぉ；１日で復活かｗ；,Neutral,Negative
コメント,14,安定の市役所勤務！,Positive,Neutral
コメント,14,カクカクしてるね,Negative,Positive
コメント,15,うちと同じだ,Neutral,Negative
コメント,15,ペーパードライバー(｀･ω･´)ｷﾘｯ,Neutral,Positive
コメント,15,手取り40万て高いの？,Neutral,Negative
コメント,15,はい(・∀・),Neutral,Positive
コメント,15,だわなw,Neutral,Negative
コメント,15,つらたん？,Neutral,Negative
コメント,15,AIひろゆき様３１５０,Positive,Neutral
コメント,15,2児の母です｡明石市の泉市長の功績を知り今後の子育て支援に希望を感じ3人目を妊娠中です｡気が早いですが4人目を考えるか夫婦で相談しています｡地元結婚のため子供を両親に預けたり助けてもらっています｡少子化が叫ばれる今4人目を育てる事が自分達ができる社会貢献ではないかと話し合ったりもしますが実際4人の子育ては大変だろうから3人育児に注力すればいいのではないかとも思います｡ご意見いただけますでしょうか,Neutral,Positive
コメント,15,返事早,Neutral,Positive
コメント,15,ちゃんと薬でよくなる,Neutral,Positive
コメント,15,早口さすが:smiling_face_with_smiling_eyes:,Neutral,Positive
コメント,15,へっへ,Neutral,Negative
コメント,15,死んじゃう♡w,Negative,Positive
コメント,15,スパチャまつりだお:fire::fire::fire::fire:,Neutral,Positive
コメント,15,:face_with_tears_of_joy:,Neutral,Negative
コメント,15,くちゅくちゅ,Neutral,Positive
コメント,15,たけ〜,Negative,Positive
コメント,15,ネットやってると脳がいかれるよ,Negative,Positive
コメント,15,アッアッアッ,Negative,Neutral
コメント,15,モルモット☆,Neutral,Positive
コメント,15,ヨガはじめよー,Neutral,Positive
コメント,15,ちくわちゃん,Neutral,Positive
コメント,15,羊たちの沈黙だな,Neutral,Negative
コメント,15,リコさんだ〜:woman_raising_hand:,Neutral,Positive
コメント,15,へらへら( •́ .̫ •̀ )してる,Negative,Positive
コメント,16,タレさえあれば鰻丼気分になる説,Neutral,Positive
コメント,16,マチガイナイ,Neutral,Negative
コメント,16,うなぎてほねあるす,Neutral,Positive
コメント,16,うぜー,Neutral,Positive
コメント,16,タレだけウナ弁w,Neutral,Negative
コメント,16,非収益化ちゃんねるそれってあなたの感想ですよねw,Neutral,Negative
コメント,16,ほうほう,Neutral,Positive
コメント,16,メロリンキュー,Negative,Neutral
コメント,16,太郎党太郎甘,Negative,Positive
コメント,16,太郎人気で保ってる党だよ,Neutral,Positive
コメント,16,テロウは言う事コロコロ変わるよ,Negative,Positive
コメント,16,立花高志党,Negative,Neutral
コメント,16,メロリンキュー,Negative,Neutral
コメント,16,外資系メーカーに勤める事務系アラフォー無能女です。ヨーロッパに住みたいのですが、手先が不器用なので美容師とか寿司職人は無理そうです。何か方法はありますか？,Negative,Neutral
コメント,16,ひろゆき的な考え方,Neutral,Positive
コメント,16,おはぴろ:red_heart:,Neutral,Positive
コメント,16,たけちゃんの敵,Neutral,Negative
コメント,17,30超えたらBBA,Negative,Neutral
コメント,17,白ダウン姿のローマ教皇の画像普通に本物かと思った,Neutral,Negative
コメント,17,こんばんは,Neutral,Positive
コメント,17,女は何歳になっても乙女よ:anger_symbol:,Neutral,Positive
コメント,17,いやマジで　巨乳で顔かわいくて　つい使ってしまった・・わあれがAIで作ったものだなんて,Negative,Positive
コメント,17,ヒドイな～,Negative,Positive
コメント,17,うーん,Negative,Neutral
コメント,17,髪がテンパになっちゃうわけだし仕方ないよね,Negative,Neutral
コメント,17,イメージなんかな,Neutral,Negative
コメント,17,ブラック校則,Negative,Neutral
コメント,17,とうもろこし:ear_of_corn:,Neutral,Positive
コメント,17,リーゼントでも行ける,Positive,Neutral
コメント,17,モロコシ,Neutral,Positive
コメント,17,25歳過ぎたら売れ残り,Negative,Neutral
コメント,17,話し合いしなかったんじゃない？,Negative,Neutral
コメント,17,パフワユーギニア,Neutral,Positive
コメント,17,あー、黒人さんがよくやっとるやつか！！,Neutral,Positive
コメント,17,ヤフコメは相変わらず,Neutral,Negative
コメント,17,偏差値高い高校の方が自由だよね,Neutral,Positive
コメント,17,喧嘩の時　髪掴ませない髪型　　by朝倉未来,Negative,Neutral
コメント,17,日本人もチリ毛はいるしな,Neutral,Negative
コメント,17,なるほど,Neutral,Positive
コメント,17,そうだよね,Neutral,Negative
コメント,17,それな,Neutral,Negative
コメント,17,なるほど〜、たしかに偏差値高いところは私服だ,Neutral,Positive
コメント,17,学校は社会に出るための訓練の場所だろ？そう思えばどうと言うことは無い,Negative,Neutral
コメント,17,縛りが多い高校は低偏差値,Neutral,Negative
コメント,17,ヤンキー校だから？w,Neutral,Negative
コメント,17,立花は思いっきり、自分は正義っていうてたな,Negative,Positive
コメント,17,こんばんは,Neutral,Positive
コメント,17,ずっとバンダナってレアすぎん？？,Neutral,Positive
コメント,17,先生の偏差値低いんかな,Neutral,Negative
コメント,17,校則がない高校行ってましたかなり自由でした,Negative,Positive
コメント,17,なるほどー,Neutral,Positive
コメント,17,37歳男です B型就労支援を受けています 生活保護を受けて両親と距離を取りたいと思い始めました これは良いんでしょうか その後どうしたら良いんでしょうか,Negative,Neutral
コメント,17,卒業するんだから1日くらい見逃してあげればいいのに,Negative,Neutral
コメント,17,野球部は坊主的なね,Neutral,Negative
コメント,18,日本で娘を英語で育てています。夫はネイティブ、私もそこそこ出来るので娘も含め、家での会話は英語です。先日、市の子育て支援施設で、学校に入る為にお母さんは日本語で話した方が良いと言われました。日本語は学校でやるとし、家で英語を続けてくのは言語発達上良くないのでしょうか?海外では良くあると思うのですが…,Neutral,Positive
コメント,18,お風呂に行ってきまーす♪,Neutral,Positive
コメント,18,,Neutral,Negative
コメント,18,わーほり,Neutral,Positive
コメント,18,働きたい働きたいと日本人は真面目か,Negative,Neutral
コメント,18,得意分野で勝負だっ,Neutral,Positive
コメント,18,子供で稼ごうとしてる,Negative,Neutral
コメント,18,うわああひろゆきだあああ,Negative,Positive
コメント,18,なになにw,Neutral,Negative
コメント,18,ルールも所詮最低限仲良く暮らすための取り決めくらいにしか俺は思ってないよ,Negative,Neutral
コメント,18,うーん,Negative,Neutral
コメント,18,顔変わるしね〜,Neutral,Negative
コメント,18,子供で稼ぐなーーーー,Neutral,Negative
コメント,18,年取ったら終わりだよね,Negative,Neutral
コメント,18,美女しか勝たん,Positive,Negative
コメント,18,二十歳過ぎればただの人,Neutral,Negative
コメント,18,日本は見た目の顔だけ,Neutral,Negative
コメント,18,顔面偏差値　草,Positive,Negative
コメント,18,そうなんや,Neutral,Negative
コメント,18,事務所の力,Neutral,Positive
コメント,18,こうへい,Neutral,Positive
コメント,18,つかこうへい,Neutral,Positive
コメント,18,20で顔良ければまたスパチャ！,Neutral,Positive
コメント,18,人相☆,Neutral,Positive
コメント,18,こうへい,Neutral,Positive
コメント,18,つかこうへい,Neutral,Positive
コメント,18,つかこうへい,Neutral,Positive
コメント,18,つかこうへい　,Neutral,Positive
コメント,18,育つと(´・ω・｀)変わるし・・　,Neutral,Negative
コメント,18,つかこうへい,Neutral,Positive
コメント,18,不細工にも程があると思えばw,Negative,Neutral
コメント,18,ひろゆきさんの先輩ですね,Neutral,Positive
コメント,18,阿部ちゃんは借金背負ってたからな～,Neutral,Negative
コメント,18,運だよな,Neutral,Positive
コメント,18,へー,Neutral,Negative
コメント,18,顔は創れる,Neutral,Positive
コメント,18,身体壊さないでね☆,Positive,Negative
コメント,18,つかこうへいつかこうへいつかこうへいつかこうへいつかこうへいつかこうへい,Neutral,Positive
コメント,18,つかこうへい,Neutral,Positive
コメント,18,つかこうへいさん,Neutral,Positive
コメント,18,老けるのもはやいんだよな,Neutral,Negative
コメント,18,きむらたくや,Neutral,Positive
コメント,18,いつか公平⇨つかこうへい,Neutral,Positive
コメント,18,マッチ！,Neutral,Positive
コメント,18,なるほど,Neutral,Positive
コメント,18,顔だけ( ͡° ͜ʖ ͡°)？,Neutral,Negative
コメント,18,顔いいならスカウトされるのでは？,Neutral,Positive
コメント,18,こんばんは,Neutral,Positive
コメント,18,女は嫁に行けるな,Neutral,Negative
コメント,18,女性ほマジイージー,Positive,Neutral
コメント,18,です！,Neutral,Positive
コメント,18,反町隆史,Neutral,Negative
コメント,18,事務所の力だけ,Neutral,Positive
コメント,18,youーやっちゃいなよ,Neutral,Negative
コメント,18,ガクト,Negative,Neutral
コメント,19,失礼W,Neutral,Negative
コメント,19,まぁ、イケメンならほどほど行けるけどねー,Neutral,Positive
コメント,19,つかこうへい！北区つかこうへい劇団もあるよ！,Neutral,Positive
コメント,19,ポイズン,Neutral,Positive
コメント,19,相棒だぞw,Positive,Neutral
コメント,19,ポイズン,Neutral,Positive
コメント,19,あはははは、反町かい！,Neutral,Positive
コメント,19,ポイズン,Neutral,Positive
コメント,19,投資一択だね,Neutral,Positive
コメント,19,キムタクとか足短w,Positive,Negative
コメント,19,三浦瑠璃,Negative,Neutral
コメント,19,これってスパチャしか読まないですよね？,Neutral,Negative
コメント,19,テルマエロマエ観たくなった。。。,Negative,Positive
コメント,19,イケメン2.5次元系は30歳を過ぎたら＼(^o^)／ｵﾜﾀ,Negative,Positive
コメント,19,いま一線に出てる人はちゃんとなんらかの能力がある,Neutral,Positive
コメント,19,オバハンのヒモになればなんとかなるさ,Neutral,Positive
コメント,19,生活水準下げるか,Neutral,Negative
コメント,19,ホリエモン,Negative,Neutral
コメント,19,確かに反町は外見でかもww,Neutral,Negative
コメント,19,ポイズン赤ちゃん泣き止む説,Negative,Positive
コメント,19,フフフ　フフフ,Neutral,Positive
コメント,19,松嶋菜々子の旦那さんよな,Neutral,Positive
コメント,19,えー　しらばっくれてる　　　キムタク,Negative,Positive
コメント,19,キムタクだな,Neutral,Negative
コメント,19,ホリエモンだろw,Neutral,Negative
コメント,19,400万円借金をしまして任意整理しました 自己破産すれば良かったかなと思いました どうおもいますか ,Negative,Positive
コメント,19,思い浮かばないくらいにはいないよw,Negative,Neutral
コメント,19,吉田栄作の悪口か？,Neutral,Negative
コメント,20,名前が出てくる俳優さんはうまくいってるって事だよね,Neutral,Positive
コメント,20,生産性とかねw:elbowcough:,Neutral,Negative
コメント,20,実験に参加してみました♪,Neutral,Positive
コメント,20,かんぱ〜い,Neutral,Positive
コメント,20,とりま、顔だけで上手くいってるのはキムタクとのことで終わらせるのでオケ,Neutral,Positive
コメント,20,こんばんは、今日も配信お疲れさまです,Neutral,Positive
コメント,20,生活保護、すまらしい,Neutral,Positive
コメント,20,生保はなかなか,Neutral,Negative
コメント,20,顔の話、ずいぶん前やろ。,Neutral,Negative
コメント,20,キムタクは平成を抱いた男だぞ,Neutral,Positive
コメント,20,なるほど,Neutral,Positive
コメント,20,生保うらやましす,Negative,Positive
コメント,20,小麦類の感染症,Neutral,Negative
コメント,20,コオロギやダーw:elbowcough:,Neutral,Positive
コメント,20,いちごミルクでかんぱ〜いかんぱ〜い,Neutral,Positive
コメント,20,ありません！3回目,Negative,Neutral
コメント,20,お金出せば買えないものないでしょ？,Negative,Neutral
コメント,20,手に入るまで断食するわ,Neutral,Negative
コメント,20,事態→時代？　　誤字あるとわかりづらい,Neutral,Negative
コメント,20,まぁせやな,Neutral,Negative
コメント,20,ただいまーー,Neutral,Positive
コメント,20,石油だけ入ってくるとな？,Neutral,Negative
コメント,20,中東は石油だけ,Neutral,Negative
コメント,20,でも高くなる。,Negative,Neutral
コメント,20,アメリカもあるからどうにかなる,Neutral,Positive
コメント,20,こんばんは,Neutral,Positive
コメント,20,オイルショック,Neutral,Negative
コメント,20,まさにそう(*^ーﾟ),Neutral,Positive
コメント,20,前のアルゼンチンみたくなる？,Neutral,Negative
コメント,20,:elbowcough::elbowcough::elbowcough:,Neutral,Negative
コメント,20,パンが無いならケーキを食べればいいじゃない,Negative,Neutral
コメント,20,周囲は田んぼだらけ,Neutral,Negative
コメント,20,牛乳てそんなに飲みません,Neutral,Negative
コメント,20,こめぱーん,Neutral,Positive
コメント,20,米を食いまくって糖尿病になろう＼(^-^)／,Negative,Positive
コメント,20,石油涌け,Neutral,Negative
コメント,20,海藻食え,Neutral,Negative
コメント,20,ひろゆきだな,Neutral,Positive
コメント,20,米はもはや工業製品,Neutral,Negative
コメント,20,米を食いまくって糖尿病になろう＼(^-^)／,Negative,Positive
コメント,20,牛車！,Neutral,Positive
コメント,21,米を食え_φ(･_･,Neutral,Negative
コメント,21,糖尿病なるんですか？,Neutral,Negative
コメント,21,シャインマスカットオワコン( ´•ω•` ),Neutral,Positive
コメント,21,将来、サツマイモ推奨してる政府,Negative,Positive
コメント,21,ひろゆきさん今晩は。,Neutral,Positive
コメント,21,何故ネイティブ？？,Neutral,Negative
コメント,21,コオロギは食べません,Neutral,Negative
コメント,21,牛乳ご飯( ´•ω•` ),Neutral,Negative
コメント,21,米は適量食ってれば糖尿病にはならん,Negative,Neutral
コメント,21,それが普通じゃないかな?,Neutral,Negative
コメント,21,日本語は覚えなくていいの？,Neutral,Negative
コメント,21,ゴーホーム,Neutral,Positive
コメント,21,本物のバイリンガルてほとんどおらんよ,Neutral,Negative
コメント,21,両方話せばええやん,Positive,Neutral
コメント,21,ウェーィくアップ,Neutral,Positive
コメント,21,ぶった！ って久しぶりに聞いたわ！,Positive,Negative
コメント,21,母は日本人、、、,Negative,Neutral
コメント,21,そうだな,Neutral,Negative
コメント,21,ベッキーみたいなかんじか,Neutral,Negative
コメント,21,ほんそれ,Neutral,Negative
コメント,22,しらんのかｗｗ,Neutral,Negative
コメント,22,ガーシーさんみたいな人な国会議員になれた日本は平和だなぁ思うんですが、海外の政治家も似たような人いるんですか？またひろゆきさんから見て日本の政治家のレベルは海外に比べて優れてるんですか？劣っていますか？,Neutral,Negative
コメント,22,2回目です。社会人として、とりあえず余計な発言せずに上司に従ってまともに働けば、出世できますか？,Negative,Neutral
コメント,22,フフフ,Neutral,Positive
コメント,22,ひろゆきニュース見てないんだな。量子コンピュータあるよ、日本のやつ,Negative,Neutral
コメント,22,はあww,Negative,Neutral
コメント,22,どうでもいい感じw,Positive,Negative
コメント,22,ひろゆきとは仲直りしたそう。,Neutral,Positive
コメント,22,野菜食べさせなきゃ,Negative,Neutral
コメント,22,野菜は草,Neutral,Negative
コメント,22,そうだな,Neutral,Negative
コメント,22,前科者だし,Negative,Neutral
コメント,22,コックさんの間違いかな,Neutral,Negative
コメント,22,仲直りしてほしい,Negative,Neutral
コメント,22,野菜大事ですね,Neutral,Positive
コメント,22,2日前にニュースで国産の量子コンピュータできたって報道してた,Neutral,Positive
コメント,22,顔にでるよな,Neutral,Negative
コメント,22,トップ投票だったもんね。,Neutral,Negative
コメント,22,元々、やりたいことやってる感w,Positive,Neutral
コメント,22,堀江さんて騙されやすい？？？,Neutral,Negative
コメント,22,こんばんは:cityscape_at_dusk:！,Neutral,Positive
コメント,22,ggrks 自分で考えろしか言わない,Negative,Neutral
コメント,22,ガーシー、日本に来れば良かったのにね,Negative,Positive
コメント,22,先日も質問させていただきました。ロシアがクリル列島にミサイルを配備しました。ロシアは日本に近々攻めてくる可能性はあると思いますか？,Neutral,Negative
コメント,22,野菜食べてもかわらんだろなw,Neutral,Negative
コメント,22,難しい話ですね:sweat_droplets:,Neutral,Negative
コメント,23,自分は出来ると思い込んでいる奴,Negative,Neutral
コメント,23,へへへへへへ,Neutral,Positive
コメント,23,おわっちゃう,Negative,Neutral
コメント,23,お風呂終わった〜:hot_springs:,Neutral,Positive
コメント,23,こんばんは。,Neutral,Positive
コメント,23,今日ははしゃいでないね,Negative,Positive
コメント,23,法治国家だもんね,Neutral,Positive
コメント,23,せやな,Neutral,Negative
コメント,23,ぴろたんの風邪治れー(=ﾟωﾟ)つ:minus::star::eight_pointed_star:︎、。,Neutral,Positive
コメント,23,ボクサーになるしかない。,Negative,Neutral
コメント,23,ジャイアンの勝ち　のび太の勝ち,Neutral,Positive
コメント,23,川上激オコ,Positive,Neutral
コメント,23,負けるが勝ち。,Negative,Neutral
コメント,23,なるほど,Neutral,Positive
コメント,23,チョメチョメ,Neutral,Positive
コメント,23,こんばんは,Neutral,Positive
コメント,23,おとなは、逆だね。,Neutral,Negative
コメント,23,川上ww,Positive,Neutral
コメント,23,川上氏、得したかい？,Neutral,Positive
コメント,23,ティシュ一枚で華麗に拭くよね〜:sparkles:,Neutral,Positive
コメント,23,そやなw,Neutral,Negative
コメント,23,今月ももう終わるね,Negative,Positive
コメント,23,それなw,Neutral,Negative
コメント,23,立花さんは何もしていない,Negative,Neutral
コメント,23,なるほどお,Neutral,Positive
コメント,23,ホリエモンとの対談もよーわからん,Neutral,Negative
コメント,23,ガーーーシーーーー,Negative,Positive
コメント,23,支持者へのサービス,Neutral,Positive
コメント,23,1．1万人も観てる:sparkles:,Neutral,Positive
コメント,23,川上擁護するね,Negative,Positive
コメント,23,中国産と表示された食品に強い抵抗があります。知らぬ間に中国産と表示されていない物を食べているのは重々承知しているのですが、積極的に中国産食品を選んで摂取した場合と中国産表示された食品を避けた場合は健康的なリスクに差は出ますか？,Neutral,Negative
コメント,23,それなですね。,Neutral,Negative
コメント,23,でも、ドアンゴの株価は下がったのでは…,Negative,Neutral
コメント,23,勝ち負け言っている奴は大抵そうか。,Neutral,Negative
コメント,23,お風邪さん治す為に栄養取って沢山眠って下さい(*っ´∀`)っ:bell_pepper::leafy_green::cooked_rice::roasted_sweet_potato::sleeping_face:,Neutral,Positive
コメント,23,無理しないで。スパチャ小銭より身体をいたわるべき。,Negative,Neutral
コメント,23,子供みたい,Positive,Negative
コメント,23,裏で土下座したらしいしな,Negative,Neutral
コメント,23,フーン,Neutral,Negative
コメント,23,立花さんは 訴えを取り下げてほしかったみたいですね,Negative,Neutral
コメント,23,その話だと思ったｗ　口出したがるねーｗ,Negative,Neutral
コメント,23,ほりてもんか<ひろゆきと話しても…,Neutral,Negative
コメント,23,DWANGOもKADOKAWAも上場してないのですよ,Neutral,Negative
コメント,23,でしたねー,Neutral,Positive
コメント,23,忙しくして下さい！byひろゆき,Negative,Neutral
コメント,23,立花のファンってどーゆー人よ,Neutral,Negative
コメント,23,政治家女子48党なんて誰が支持すんの？,Negative,Neutral
コメント,23,あの方は、社会知らんだろ？,Neutral,Negative
コメント,23,立花は無敵の人といっしょなんやで,Neutral,Positive
コメント,23,草,Neutral,Negative
コメント,23,立花さん曰く俺は革命家の政治家だから犯罪ギリの事もするとか、テロリストの思考ではないかと思った,Neutral,Negative
コメント,23,場所借りといてリハックにも失礼,Neutral,Negative
コメント,23,しらける土下座もしてた,Neutral,Negative
コメント,23,諦めろ！逃げろ！,Negative,Neutral
コメント,23,有罪のタイミングよ,Neutral,Negative
コメント,23,殴り合いで解決するのが一番ええ:rolling_on_the_floor_laughing:,Negative,Positive
コメント,23,うむうむ。,Neutral,Positive
コメント,23,立花さんはNHKだけやってほしい,Negative,Neutral
コメント,23,数えてる人わらう:rolling_on_the_floor_laughing:,Neutral,Negative
コメント,23,要するにどうでもいい話？,Neutral,Negative
コメント,23,珍しく感情出してるひろゆき,Negative,Positive
コメント,23,あっちとは絡まないほうがいい,Neutral,Negative
コメント,23,被逮捕権を得た,Neutral,Positive
コメント,23,ひろさん、常識的コメントおおし、、,Neutral,Positive
コメント,23,小さい世界でのプーチンvsゼレンスキー:elbowcough:,Negative,Neutral
コメント,23,リハッQ的には知名度あがって一人がちと思った:bear:,Neutral,Negative
コメント,23,どうでもいい件:grinning_face:,Neutral,Negative
コメント,23,普段似たような事やって論破してる人が言うかね・・,Neutral,Negative
コメント,23,ないないー,Negative,Neutral
コメント,23,失うものない定期,Negative,Neutral
コメント,23,ひろゆきさんは誰にでも態度変えないから人気,Neutral,Positive
コメント,23,法律上、払わなくては？,Negative,Neutral
コメント,23,たいして失ってないぞ,Negative,Neutral
コメント,23,立花氏は立ちっぱなし,Negative,Neutral
コメント,23,どっちみち政治はあたおかよ,Negative,Neutral
コメント,23,ねえ！笑,Positive,Neutral
コメント,23,弱者救済って言葉が建前にみえちゃう,Negative,Positive
コメント,23,結局:panda:の一人勝ち,Negative,Positive
コメント,23,正直、どっちもｗ,Neutral,Negative
コメント,23,お互い得るものがない対談,Negative,Neutral
コメント,23,ひろゆき様だ。,Neutral,Positive
コメント,23,やせるようにした笑,Neutral,Positive
コメント,23,川上さんはくちゃくちゃしてた,Neutral,Positive
コメント,23,何が言いたかったの？,Negative,Neutral
コメント,23,川上さんはあんなもんでしょって思ってる,Neutral,Negative
コメント,23,武田鉄矢がガーシー擁護,Negative,Positive
コメント,23,ひろゆきの副音声付きなら評価下がらないよ,Negative,Positive
コメント,23,ありましね、宮崎駿さんに怒られたこと,Neutral,Negative
コメント,23,パンダが得しただけ。,Negative,Positive
コメント,23,ひろゆグッズ ww,Positive,Neutral
