Target,Model,R2,RMSE,MAE
総合満足度,Lasso,-0.093,0.3574,0.2842
総合満足度,ElasticNet,-0.093,0.3574,0.2842
総合満足度,SVR (Linear),-2.2865,0.6198,0.4804
総合満足度,SVR (RBF),-0.489,0.4172,0.3365
総合満足度,RandomForest,-0.4624,0.4135,0.3236
娯楽性・没頭感,Lasso,-0.2073,0.3479,0.2759
娯楽性・没頭感,ElasticNet,-0.2053,0.3476,0.2764
娯楽性・没頭感,SVR (Linear),-1.1194,0.461,0.3512
娯楽性・没頭感,SVR (RBF),-0.1918,0.3457,0.2702
娯楽性・没頭感,RandomForest,0.0211,0.3133,0.247
情報性・学習価値,Lasso,-0.3678,0.6606,0.5622
情報性・学習価値,ElasticNet,-0.4019,0.6688,0.5708
情報性・学習価値,SVR (Linear),-1.0084,0.8005,0.6622
情報性・学習価値,SVR (RBF),0.0417,0.553,0.4831
情報性・学習価値,RandomForest,-0.0579,0.581,0.4792
リラックス・気軽さ,Lasso,-0.3408,0.3608,0.3145
リラックス・気軽さ,ElasticNet,-0.3063,0.3561,0.319
リラックス・気軽さ,SVR (Linear),-1.3459,0.4773,0.3928
リラックス・気軽さ,SVR (RBF),0.0623,0.3017,0.263
リラックス・気軽さ,RandomForest,0.0883,0.2975,0.2366
社会的共有性,Lasso,-0.093,0.3798,0.3138
社会的共有性,ElasticNet,-0.093,0.3798,0.3138
社会的共有性,SVR (Linear),-2.4545,0.6751,0.5778
社会的共有性,SVR (RBF),-0.2542,0.4068,0.3448
社会的共有性,RandomForest,-0.348,0.4217,0.3593
