feature_key,feature_label,target_key,target_label,pearson_r,pearson_p,pearson_ci_lo,pearson_ci_hi,spearman_rho,spearman_p,spearman_ci_lo,spearman_ci_hi,delta_abs
comment_rate,コメント密度(件/秒),Target_Satisfaction,総合満足度,-0.1452,0.5085,-0.446,0.26,-0.0835,0.705,-0.429,0.297,0.0618
comment_rate,コメント密度(件/秒),Factor_Entertainment,娯楽性・没頭感,-0.0968,0.6603,-0.372,0.182,-0.1731,0.4296,-0.511,0.23,0.0763
comment_rate,コメント密度(件/秒),Factor_Relaxation,リラックス・気軽さ,0.195,0.3725,-0.111,0.576,0.2365,0.2773,-0.212,0.603,0.0415
comment_rate,コメント密度(件/秒),Factor_Information,情報性・学習価値,-0.1431,0.5149,-0.44,0.178,-0.2184,0.3168,-0.577,0.219,0.0753
comment_rate,コメント密度(件/秒),Factor_SocialShare,社会的共有性,-0.0883,0.6887,-0.352,0.203,-0.1061,0.63,-0.486,0.303,0.0178
grass_ratio,草・笑い率,Target_Satisfaction,総合満足度,-0.2338,0.283,-0.553,0.11,-0.2214,0.3101,-0.581,0.195,0.0124
grass_ratio,草・笑い率,Factor_Entertainment,娯楽性・没頭感,-0.3164,0.1414,-0.654,0.081,-0.3191,0.1378,-0.649,0.138,0.0027
grass_ratio,草・笑い率,Factor_Relaxation,リラックス・気軽さ,-0.0472,0.8308,-0.585,0.395,-0.1532,0.4851,-0.614,0.315,0.1061
grass_ratio,草・笑い率,Factor_Information,情報性・学習価値,-0.4096,0.0523,-0.695,-0.057,-0.4096,0.0523,-0.698,0.015,0.0
grass_ratio,草・笑い率,Factor_SocialShare,社会的共有性,-0.4607,0.027,-0.703,-0.184,-0.4381,0.0365,-0.706,-0.029,0.0225
question_ratio,質問率,Target_Satisfaction,総合満足度,-0.2812,0.1937,-0.572,0.023,-0.3198,0.1369,-0.611,0.06,0.0386
question_ratio,質問率,Factor_Entertainment,娯楽性・没頭感,-0.1508,0.4923,-0.446,0.233,-0.0552,0.8026,-0.414,0.326,0.0956
question_ratio,質問率,Factor_Relaxation,リラックス・気軽さ,-0.165,0.4517,-0.461,0.181,-0.1002,0.6493,-0.474,0.325,0.0649
question_ratio,質問率,Factor_Information,情報性・学習価値,-0.2106,0.3347,-0.481,0.102,-0.1862,0.3949,-0.555,0.235,0.0244
question_ratio,質問率,Factor_SocialShare,社会的共有性,-0.1654,0.4506,-0.462,0.179,-0.1599,0.4661,-0.502,0.227,0.0055
exclamation_ratio,感嘆符率(!/?),Target_Satisfaction,総合満足度,0.136,0.5362,-0.422,0.613,0.1672,0.4457,-0.337,0.646,0.0312
exclamation_ratio,感嘆符率(!/?),Factor_Entertainment,娯楽性・没頭感,0.2214,0.31,-0.266,0.645,0.1892,0.3872,-0.309,0.655,0.0322
exclamation_ratio,感嘆符率(!/?),Factor_Relaxation,リラックス・気軽さ,0.2972,0.1684,-0.103,0.633,0.2472,0.2554,-0.145,0.611,0.05
exclamation_ratio,感嘆符率(!/?),Factor_Information,情報性・学習価値,0.1411,0.5208,-0.236,0.465,0.1974,0.3667,-0.243,0.572,0.0563
exclamation_ratio,感嘆符率(!/?),Factor_SocialShare,社会的共有性,0.2046,0.349,-0.174,0.604,0.2732,0.2071,-0.159,0.666,0.0686
sentiment_polarity,チャット感情極性,Target_Satisfaction,総合満足度,0.1638,0.4551,-0.333,0.52,0.0897,0.684,-0.384,0.556,0.0741
sentiment_polarity,チャット感情極性,Factor_Entertainment,娯楽性・没頭感,0.2179,0.3179,-0.263,0.576,0.2362,0.2779,-0.221,0.667,0.0183
sentiment_polarity,チャット感情極性,Factor_Relaxation,リラックス・気軽さ,0.4309,0.0401,-0.002,0.731,0.4126,0.0504,-0.031,0.766,0.0183
sentiment_polarity,チャット感情極性,Factor_Information,情報性・学習価値,0.2043,0.3497,-0.433,0.589,0.0978,0.657,-0.422,0.526,0.1065
sentiment_polarity,チャット感情極性,Factor_SocialShare,社会的共有性,0.3152,0.1429,-0.328,0.745,0.2157,0.3229,-0.287,0.64,0.0995
subtitle_sentiment_polarity,字幕テキスト感情極性,Target_Satisfaction,総合満足度,-0.0011,0.996,-0.363,0.427,0.0598,0.7863,-0.351,0.477,0.0609
subtitle_sentiment_polarity,字幕テキスト感情極性,Factor_Entertainment,娯楽性・没頭感,-0.0285,0.8973,-0.392,0.407,0.0794,0.7187,-0.34,0.474,0.1079
subtitle_sentiment_polarity,字幕テキスト感情極性,Factor_Relaxation,リラックス・気軽さ,0.32,0.1366,-0.091,0.705,0.2853,0.187,-0.138,0.667,0.0347
subtitle_sentiment_polarity,字幕テキスト感情極性,Factor_Information,情報性・学習価値,-0.4601,0.0272,-0.714,-0.129,-0.4506,0.031,-0.73,-0.081,0.0095
subtitle_sentiment_polarity,字幕テキスト感情極性,Factor_SocialShare,社会的共有性,-0.2635,0.2244,-0.6,0.153,-0.2932,0.1745,-0.639,0.105,0.0297
speech_rate,発話速度(字幕数/秒),Target_Satisfaction,総合満足度,-0.0493,0.8232,-0.499,0.369,-0.1431,0.5148,-0.583,0.329,0.0938
speech_rate,発話速度(字幕数/秒),Factor_Entertainment,娯楽性・没頭感,-0.0458,0.8358,-0.577,0.371,-0.1205,0.5841,-0.565,0.383,0.0747
speech_rate,発話速度(字幕数/秒),Factor_Relaxation,リラックス・気軽さ,-0.2432,0.2635,-0.568,0.196,-0.2026,0.3539,-0.603,0.263,0.0406
speech_rate,発話速度(字幕数/秒),Factor_Information,情報性・学習価値,-0.0545,0.8048,-0.351,0.245,-0.055,0.8032,-0.452,0.333,0.0004
speech_rate,発話速度(字幕数/秒),Factor_SocialShare,社会的共有性,0.1318,0.549,-0.296,0.436,0.0498,0.8214,-0.391,0.444,0.0819
pause_ratio,無音(ポーズ)割合,Target_Satisfaction,総合満足度,0.2692,0.2141,-0.121,0.552,0.2711,0.2109,-0.174,0.618,0.0018
pause_ratio,無音(ポーズ)割合,Factor_Entertainment,娯楽性・没頭感,0.3021,0.1612,-0.128,0.583,0.2952,0.1715,-0.188,0.654,0.0069
pause_ratio,無音(ポーズ)割合,Factor_Relaxation,リラックス・気軽さ,0.3165,0.1412,-0.043,0.633,0.2859,0.186,-0.124,0.624,0.0306
pause_ratio,無音(ポーズ)割合,Factor_Information,情報性・学習価値,-0.0046,0.9834,-0.395,0.439,0.1315,0.5497,-0.307,0.553,0.1361
pause_ratio,無音(ポーズ)割合,Factor_SocialShare,社会的共有性,0.0139,0.9498,-0.339,0.385,-0.0252,0.9091,-0.45,0.436,0.0391
sub_comment_similarity,字幕-コメント類似度,Target_Satisfaction,総合満足度,0.0436,0.8435,-0.41,0.36,-0.1001,0.6494,-0.477,0.311,0.1437
sub_comment_similarity,字幕-コメント類似度,Factor_Entertainment,娯楽性・没頭感,0.0506,0.8187,-0.28,0.304,0.0059,0.9786,-0.429,0.391,0.0447
sub_comment_similarity,字幕-コメント類似度,Factor_Relaxation,リラックス・気軽さ,-0.1934,0.3765,-0.556,0.089,-0.2596,0.2316,-0.577,0.096,0.0662
sub_comment_similarity,字幕-コメント類似度,Factor_Information,情報性・学習価値,0.2571,0.2363,-0.118,0.62,0.2226,0.3072,-0.235,0.613,0.0345
sub_comment_similarity,字幕-コメント類似度,Factor_SocialShare,社会的共有性,0.041,0.8526,-0.29,0.296,-0.0202,0.9272,-0.403,0.371,0.0612
comment_semantic_variance,コメント意味多様性,Target_Satisfaction,総合満足度,0.2127,0.3299,-0.215,0.543,0.1977,0.3658,-0.295,0.568,0.015
comment_semantic_variance,コメント意味多様性,Factor_Entertainment,娯楽性・没頭感,0.2053,0.3473,-0.251,0.597,0.2052,0.3475,-0.258,0.595,0.0001
comment_semantic_variance,コメント意味多様性,Factor_Relaxation,リラックス・気軽さ,0.2824,0.1917,-0.183,0.607,0.0823,0.7089,-0.334,0.463,0.2001
comment_semantic_variance,コメント意味多様性,Factor_Information,情報性・学習価値,-0.0939,0.67,-0.489,0.318,-0.1282,0.5598,-0.559,0.311,0.0344
comment_semantic_variance,コメント意味多様性,Factor_SocialShare,社会的共有性,0.078,0.7236,-0.319,0.492,0.0817,0.711,-0.382,0.515,0.0037
hm_mean,平均ヒートマップ値,Target_Satisfaction,総合満足度,-0.0041,0.9852,-0.316,0.268,0.0874,0.6916,-0.288,0.452,0.0915
hm_mean,平均ヒートマップ値,Factor_Entertainment,娯楽性・没頭感,0.1269,0.5638,-0.197,0.421,0.1583,0.4708,-0.242,0.52,0.0313
hm_mean,平均ヒートマップ値,Factor_Relaxation,リラックス・気軽さ,0.2754,0.2034,-0.191,0.647,0.2682,0.2159,-0.192,0.689,0.0072
hm_mean,平均ヒートマップ値,Factor_Information,情報性・学習価値,-0.5434,0.0074,-0.774,-0.143,-0.4457,0.0331,-0.749,-0.036,0.0978
hm_mean,平均ヒートマップ値,Factor_SocialShare,社会的共有性,-0.1296,0.5555,-0.453,0.284,-0.0807,0.7144,-0.468,0.337,0.049
hm_max,最大ヒートマップ値,Target_Satisfaction,総合満足度,0.0786,0.7213,-0.306,0.46,0.1646,0.4528,-0.239,0.544,0.086
hm_max,最大ヒートマップ値,Factor_Entertainment,娯楽性・没頭感,0.3275,0.1271,-0.138,0.688,0.4667,0.0248,0.038,0.764,0.1392
hm_max,最大ヒートマップ値,Factor_Relaxation,リラックス・気軽さ,0.4259,0.0427,0.035,0.747,0.4239,0.0438,-0.033,0.805,0.002
hm_max,最大ヒートマップ値,Factor_Information,情報性・学習価値,-0.43,0.0406,-0.694,-0.052,-0.3344,0.1188,-0.659,0.128,0.0956
hm_max,最大ヒートマップ値,Factor_SocialShare,社会的共有性,0.0368,0.8675,-0.361,0.401,0.0199,0.928,-0.439,0.476,0.0169
hm_volatility,ヒートマップ変動性,Target_Satisfaction,総合満足度,0.0817,0.7108,-0.256,0.412,0.2445,0.2608,-0.177,0.592,0.1628
hm_volatility,ヒートマップ変動性,Factor_Entertainment,娯楽性・没頭感,0.3585,0.093,-0.074,0.672,0.5226,0.0105,0.071,0.837,0.1641
hm_volatility,ヒートマップ変動性,Factor_Relaxation,リラックス・気軽さ,0.1863,0.3947,-0.131,0.593,0.5425,0.0075,0.127,0.794,0.3562
hm_volatility,ヒートマップ変動性,Factor_Information,情報性・学習価値,0.1261,0.5665,-0.397,0.478,0.0653,0.7673,-0.388,0.496,0.0608
hm_volatility,ヒートマップ変動性,Factor_SocialShare,社会的共有性,0.1886,0.3889,-0.226,0.58,0.2117,0.3322,-0.239,0.587,0.0231
