target_key,target_name,feature_key,feature_name,pearson_r,pearson_p,pearson_ci_95,spearman_rho,spearman_p,spearman_ci_95,abs_pearson_r
Target_Satisfaction,総合満足度,comment_rate,コメント密度(件/秒),-0.2562,0.2381,"[-0.605, 0.174]",-0.4729,0.0227,"[-0.754, -0.085]",0.2561661044863987
Target_Satisfaction,総合満足度,grass_ratio,草・笑い率,0.2351,0.2803,"[-0.196, 0.590]",0.2375,0.2753,"[-0.219, 0.610]",0.23505752387900775
Target_Satisfaction,総合満足度,question_ratio,質問率,0.1553,0.4791,"[-0.274, 0.533]",0.2797,0.1962,"[-0.162, 0.619]",0.15534328455710053
Target_Satisfaction,総合満足度,exclamation_ratio,感嘆符率(!/?),-0.1148,0.6019,"[-0.503, 0.312]",-0.1838,0.4012,"[-0.587, 0.269]",0.1148235230663261
Target_Satisfaction,総合満足度,sentiment_polarity,チャット感情極性,0.1638,0.4551,"[-0.266, 0.540]",0.0919,0.6766,"[-0.386, 0.562]",0.16383154204098624
Target_Satisfaction,総合満足度,subtitle_sentiment_polarity,字幕テキスト感情極性,-0.0011,0.996,"[-0.413, 0.411]",0.0641,0.7713,"[-0.317, 0.444]",0.0011153045915873426
Target_Satisfaction,総合満足度,sub_comment_similarity,字幕-コメント類似度,0.0606,0.7834,"[-0.361, 0.461]",0.0368,0.8677,"[-0.358, 0.392]",0.06063947642639037
Target_Satisfaction,総合満足度,comment_semantic_variance,コメント意味多様性,0.1162,0.5974,"[-0.311, 0.504]",0.1754,0.4235,"[-0.285, 0.593]",0.11623415633103099
Target_Satisfaction,総合満足度,speech_rate,発話速度(文字/秒),-0.2611,0.2289,"[-0.608, 0.169]",-0.3015,0.162,"[-0.643, 0.166]",0.26108426879055496
Target_Satisfaction,総合満足度,pause_ratio,無音(ポーズ)割合,0.2156,0.3231,"[-0.216, 0.577]",0.2454,0.259,"[-0.230, 0.633]",0.2156305213155176
Target_Satisfaction,総合満足度,hm_mean,平均ヒートマップ値,-0.0041,0.9852,"[-0.416, 0.409]",0.0874,0.6916,"[-0.304, 0.452]",0.0041011621344169144
Target_Satisfaction,総合満足度,hm_max,最大ヒートマップ値,0.0786,0.7213,"[-0.345, 0.475]",0.1646,0.4528,"[-0.276, 0.536]",0.07864997503306628
Target_Satisfaction,総合満足度,hm_volatility,ヒートマップ変動性,0.0817,0.7108,"[-0.342, 0.478]",0.2445,0.2608,"[-0.189, 0.611]",0.08173919529166812
Factor_Entertainment,娯楽性・没頭感,comment_rate,コメント密度(件/秒),-0.4562,0.0287,"[-0.731, -0.054]",-0.6019,0.0024,"[-0.758, -0.300]",0.4561638651619592
Factor_Entertainment,娯楽性・没頭感,grass_ratio,草・笑い率,0.3684,0.0837,"[-0.052, 0.678]",0.4021,0.0572,"[0.018, 0.670]",0.3683552679014603
Factor_Entertainment,娯楽性・没頭感,question_ratio,質問率,0.1269,0.5639,"[-0.301, 0.512]",0.2641,0.2233,"[-0.199, 0.669]",0.12690026240723581
Factor_Entertainment,娯楽性・没頭感,exclamation_ratio,感嘆符率(!/?),-0.1392,0.5265,"[-0.521, 0.290]",-0.1583,0.4708,"[-0.590, 0.289]",0.13917478999601166
Factor_Entertainment,娯楽性・没頭感,sentiment_polarity,チャット感情極性,0.2179,0.3179,"[-0.213, 0.578]",0.2369,0.2764,"[-0.221, 0.632]",0.21790712611719654
Factor_Entertainment,娯楽性・没頭感,subtitle_sentiment_polarity,字幕テキスト感情極性,-0.0285,0.8973,"[-0.436, 0.388]",-0.0052,0.9812,"[-0.406, 0.451]",0.02850123644445665
Factor_Entertainment,娯楽性・没頭感,sub_comment_similarity,字幕-コメント類似度,-0.0669,0.7615,"[-0.466, 0.355]",0.003,0.9893,"[-0.444, 0.404]",0.06693508846026955
Factor_Entertainment,娯楽性・没頭感,comment_semantic_variance,コメント意味多様性,-0.0185,0.9333,"[-0.427, 0.397]",0.0544,0.8053,"[-0.383, 0.505]",0.018478808857787077
Factor_Entertainment,娯楽性・没頭感,speech_rate,発話速度(文字/秒),-0.4799,0.0205,"[-0.745, -0.084]",-0.3942,0.0627,"[-0.707, 0.035]",0.47990761996883563
Factor_Entertainment,娯楽性・没頭感,pause_ratio,無音(ポーズ)割合,0.1873,0.3921,"[-0.244, 0.557]",0.2903,0.1791,"[-0.142, 0.644]",0.1873159053603113
Factor_Entertainment,娯楽性・没頭感,hm_mean,平均ヒートマップ値,0.1269,0.5638,"[-0.301, 0.512]",0.1583,0.4708,"[-0.218, 0.515]",0.12694904601585155
Factor_Entertainment,娯楽性・没頭感,hm_max,最大ヒートマップ値,0.3275,0.1271,"[-0.098, 0.652]",0.4667,0.0248,"[0.040, 0.765]",0.32752904223095897
Factor_Entertainment,娯楽性・没頭感,hm_volatility,ヒートマップ変動性,0.3585,0.093,"[-0.063, 0.671]",0.5226,0.0105,"[0.090, 0.836]",0.3585039505455432
Factor_Information,情報性・学習価値,comment_rate,コメント密度(件/秒),-0.0668,0.7621,"[-0.466, 0.355]",-0.2332,0.2842,"[-0.565, 0.164]",0.0667873378595447
Factor_Information,情報性・学習価値,grass_ratio,草・笑い率,0.1039,0.6371,"[-0.322, 0.495]",0.0312,0.8876,"[-0.420, 0.507]",0.10390904787063436
Factor_Information,情報性・学習価値,question_ratio,質問率,0.1406,0.5222,"[-0.288, 0.523]",0.1797,0.4118,"[-0.307, 0.622]",0.14060243586089044
Factor_Information,情報性・学習価値,exclamation_ratio,感嘆符率(!/?),-0.163,0.4574,"[-0.539, 0.267]",-0.105,0.6336,"[-0.580, 0.371]",0.1630139163297785
Factor_Information,情報性・学習価値,sentiment_polarity,チャット感情極性,0.2043,0.3497,"[-0.227, 0.569]",0.099,0.653,"[-0.399, 0.547]",0.20434216843205044
Factor_Information,情報性・学習価値,subtitle_sentiment_polarity,字幕テキスト感情極性,-0.4601,0.0272,"[-0.733, -0.059]",-0.4803,0.0204,"[-0.712, -0.114]",0.4600803595138696
Factor_Information,情報性・学習価値,sub_comment_similarity,字幕-コメント類似度,-0.1367,0.534,"[-0.520, 0.292]",-0.106,0.6304,"[-0.530, 0.337]",0.13667919317540256
Factor_Information,情報性・学習価値,comment_semantic_variance,コメント意味多様性,0.3543,0.0972,"[-0.068, 0.669]",0.2461,0.2577,"[-0.209, 0.633]",0.3542511444655636
Factor_Information,情報性・学習価値,speech_rate,発話速度(文字/秒),-0.0199,0.9283,"[-0.429, 0.396]",-0.0416,0.8505,"[-0.462, 0.336]",0.019858149044029254
Factor_Information,情報性・学習価値,pause_ratio,無音(ポーズ)割合,0.048,0.8278,"[-0.372, 0.451]",0.0617,0.7796,"[-0.334, 0.508]",0.04801789663064938
Factor_Information,情報性・学習価値,hm_mean,平均ヒートマップ値,-0.5434,0.0074,"[-0.781, -0.169]",-0.4457,0.0331,"[-0.743, -0.007]",0.5434231543531893
Factor_Information,情報性・学習価値,hm_max,最大ヒートマップ値,-0.43,0.0406,"[-0.715, -0.022]",-0.3344,0.1188,"[-0.650, 0.156]",0.4299914931771087
Factor_Information,情報性・学習価値,hm_volatility,ヒートマップ変動性,0.1261,0.5665,"[-0.302, 0.512]",0.0653,0.7673,"[-0.417, 0.479]",0.12606068441685758
Factor_Relaxation,リラックス・気軽さ,comment_rate,コメント密度(件/秒),-0.479,0.0208,"[-0.744, -0.083]",-0.3656,0.0862,"[-0.721, 0.063]",0.47898666587313404
Factor_Relaxation,リラックス・気軽さ,grass_ratio,草・笑い率,0.445,0.0333,"[0.040, 0.724]",0.4875,0.0183,"[0.085, 0.773]",0.4450201952424321
Factor_Relaxation,リラックス・気軽さ,question_ratio,質問率,0.2269,0.2979,"[-0.204, 0.584]",0.2319,0.2871,"[-0.223, 0.635]",0.22687203885214285
Factor_Relaxation,リラックス・気軽さ,exclamation_ratio,感嘆符率(!/?),-0.2222,0.3081,"[-0.581, 0.209]",-0.2794,0.1966,"[-0.647, 0.118]",0.2222302622106025
Factor_Relaxation,リラックス・気軽さ,sentiment_polarity,チャット感情極性,0.4309,0.0401,"[0.023, 0.716]",0.4261,0.0426,"[-0.014, 0.782]",0.4309387103344231
Factor_Relaxation,リラックス・気軽さ,subtitle_sentiment_polarity,字幕テキスト感情極性,0.32,0.1366,"[-0.106, 0.647]",0.2154,0.3235,"[-0.202, 0.627]",0.3200120768703689
Factor_Relaxation,リラックス・気軽さ,sub_comment_similarity,字幕-コメント類似度,0.1015,0.6451,"[-0.324, 0.493]",0.0703,0.7498,"[-0.390, 0.476]",0.10145709935364094
Factor_Relaxation,リラックス・気軽さ,comment_semantic_variance,コメント意味多様性,0.2618,0.2276,"[-0.169, 0.608]",0.2066,0.3443,"[-0.285, 0.629]",0.26175656670445235
Factor_Relaxation,リラックス・気軽さ,speech_rate,発話速度(文字/秒),-0.5611,0.0053,"[-0.790, -0.194]",-0.5336,0.0087,"[-0.788, -0.113]",0.5611407094098523
Factor_Relaxation,リラックス・気軽さ,pause_ratio,無音(ポーズ)割合,0.4651,0.0254,"[0.065, 0.736]",0.45,0.0312,"[-0.003, 0.728]",0.4650502883598328
Factor_Relaxation,リラックス・気軽さ,hm_mean,平均ヒートマップ値,0.2754,0.2034,"[-0.154, 0.618]",0.2586,0.2335,"[-0.229, 0.663]",0.27540191733906405
Factor_Relaxation,リラックス・気軽さ,hm_max,最大ヒートマップ値,0.4259,0.0427,"[0.017, 0.713]",0.4286,0.0413,"[-0.009, 0.790]",0.42589363955288917
Factor_Relaxation,リラックス・気軽さ,hm_volatility,ヒートマップ変動性,0.1863,0.3947,"[-0.245, 0.556]",0.5485,0.0067,"[0.144, 0.811]",0.18630342541945683
Factor_SocialShare,社会的共有性,comment_rate,コメント密度(件/秒),-0.2539,0.2424,"[-0.603, 0.177]",-0.3068,0.1545,"[-0.637, 0.116]",0.25387758566928786
Factor_SocialShare,社会的共有性,grass_ratio,草・笑い率,0.2031,0.3527,"[-0.228, 0.568]",0.009,0.9676,"[-0.472, 0.496]",0.20309214070982304
Factor_SocialShare,社会的共有性,question_ratio,質問率,0.2589,0.233,"[-0.172, 0.606]",0.3317,0.1221,"[-0.095, 0.629]",0.25886246542513336
Factor_SocialShare,社会的共有性,exclamation_ratio,感嘆符率(!/?),-0.3017,0.1617,"[-0.635, 0.126]",-0.3202,0.1363,"[-0.644, 0.099]",0.3017300658944849
Factor_SocialShare,社会的共有性,sentiment_polarity,チャット感情極性,0.3152,0.1429,"[-0.111, 0.644]",0.2156,0.323,"[-0.269, 0.655]",0.31524478652918
Factor_SocialShare,社会的共有性,subtitle_sentiment_polarity,字幕テキスト感情極性,-0.2635,0.2244,"[-0.609, 0.167]",-0.3098,0.1503,"[-0.607, 0.074]",0.2634961866563003
Factor_SocialShare,社会的共有性,sub_comment_similarity,字幕-コメント類似度,-0.0442,0.8411,"[-0.448, 0.375]",-0.13,0.5544,"[-0.550, 0.314]",0.04424110057969313
Factor_SocialShare,社会的共有性,comment_semantic_variance,コメント意味多様性,0.2236,0.3051,"[-0.208, 0.582]",0.2699,0.2129,"[-0.170, 0.675]",0.22360130005635043
Factor_SocialShare,社会的共有性,speech_rate,発話速度(文字/秒),-0.2846,0.1881,"[-0.624, 0.145]",-0.2973,0.1683,"[-0.605, 0.100]",0.2846092859773707
Factor_SocialShare,社会的共有性,pause_ratio,無音(ポーズ)割合,0.3444,0.1075,"[-0.079, 0.663]",0.3191,0.1378,"[-0.093, 0.643]",0.3444415274696148
Factor_SocialShare,社会的共有性,hm_mean,平均ヒートマップ値,-0.1296,0.5555,"[-0.514, 0.299]",-0.0807,0.7144,"[-0.496, 0.351]",0.1296466036273435
Factor_SocialShare,社会的共有性,hm_max,最大ヒートマップ値,0.0368,0.8675,"[-0.381, 0.442]",0.0199,0.928,"[-0.402, 0.471]",0.036836732109361565
Factor_SocialShare,社会的共有性,hm_volatility,ヒートマップ変動性,0.1886,0.3889,"[-0.242, 0.557]",0.2117,0.3322,"[-0.234, 0.619]",0.18856629980422893
