feature_key,feature_label,target_key,target_label,lmm_beta,lmm_se,lmm_z,lmm_p,lmm_ci_lo,lmm_ci_hi,subject_icc,pearson_r_n23,pearson_p_n23
comment_rate,コメント密度(件/秒),Target_Satisfaction,総合満足度,-0.049,0.0551,-0.8886,0.3742,-0.157,0.059,0.0,-0.1452,0.5085
comment_rate,コメント密度(件/秒),Factor_Entertainment,娯楽性・没頭感,-0.0371,0.0537,-0.6911,0.4895,-0.142,0.068,0.0,-0.0968,0.6603
comment_rate,コメント密度(件/秒),Factor_Relaxation,リラックス・気軽さ,0.0677,0.0525,1.2888,0.1975,-0.035,0.171,0.0,0.195,0.3725
comment_rate,コメント密度(件/秒),Factor_Information,情報性・学習価値,-0.0762,0.0595,-1.2808,0.2003,-0.193,0.04,0.0,-0.1431,0.5149
comment_rate,コメント密度(件/秒),Factor_SocialShare,社会的共有性,-0.0329,0.0631,-0.5207,0.6026,-0.157,0.091,0.0,-0.0883,0.6887
grass_ratio,草・笑い率,Target_Satisfaction,総合満足度,-0.0788,0.055,-1.4346,0.1514,-0.187,0.029,0.0,-0.2338,0.283
grass_ratio,草・笑い率,Factor_Entertainment,娯楽性・没頭感,-0.1212,0.0531,-2.2815,0.0225,-0.225,-0.017,0.0,-0.3164,0.1414
grass_ratio,草・笑い率,Factor_Relaxation,リラックス・気軽さ,-0.0164,0.0537,-0.3044,0.7608,-0.122,0.089,0.3634,-0.0472,0.8308
grass_ratio,草・笑い率,Factor_Information,情報性・学習価値,-0.2182,0.058,-3.7653,0.0002,-0.332,-0.105,0.0,-0.4096,0.0523
grass_ratio,草・笑い率,Factor_SocialShare,社会的共有性,-0.1714,0.0621,-2.7598,0.0058,-0.293,-0.05,0.0,-0.4607,0.027
question_ratio,質問率,Target_Satisfaction,総合満足度,-0.0948,0.0548,-1.729,0.0838,-0.202,0.013,0.0,-0.2812,0.1937
question_ratio,質問率,Factor_Entertainment,娯楽性・没頭感,-0.0578,0.0536,-1.0778,0.2811,-0.163,0.047,0.0,-0.1508,0.4923
question_ratio,質問率,Factor_Relaxation,リラックス・気軽さ,-0.0573,0.0525,-1.0895,0.2759,-0.16,0.046,0.0,-0.165,0.4517
question_ratio,質問率,Factor_Information,情報性・学習価値,-0.1122,0.0593,-1.8936,0.0583,-0.228,0.004,0.0,-0.2106,0.3347
question_ratio,質問率,Factor_SocialShare,社会的共有性,-0.0616,0.063,-0.9771,0.3285,-0.185,0.062,0.0,-0.1654,0.4506
exclamation_ratio,感嘆符率,Target_Satisfaction,総合満足度,0.0459,0.0551,0.8319,0.4055,-0.062,0.154,0.0,0.136,0.5362
exclamation_ratio,感嘆符率,Factor_Entertainment,娯楽性・没頭感,0.0848,0.0535,1.5872,0.1125,-0.02,0.19,0.0,0.2214,0.31
exclamation_ratio,感嘆符率,Factor_Relaxation,リラックス・気軽さ,0.1031,0.0522,1.9738,0.0484,0.001,0.205,0.0,0.2972,0.1684
exclamation_ratio,感嘆符率,Factor_Information,情報性・学習価値,0.0752,0.0595,1.2628,0.2067,-0.042,0.192,0.0,0.1411,0.5208
exclamation_ratio,感嘆符率,Factor_SocialShare,社会的共有性,0.0761,0.0629,1.2096,0.2264,-0.047,0.199,0.0,0.2046,0.349
sentiment_polarity,チャット感情極性,Target_Satisfaction,総合満足度,0.0553,0.0562,0.9831,0.3256,-0.055,0.165,0.2973,0.1638,0.4551
sentiment_polarity,チャット感情極性,Factor_Entertainment,娯楽性・没頭感,0.0835,0.0535,1.562,0.1183,-0.021,0.188,0.0,0.2179,0.3179
sentiment_polarity,チャット感情極性,Factor_Relaxation,リラックス・気軽さ,0.1495,0.0517,2.8891,0.0039,0.048,0.251,0.0,0.4309,0.0401
sentiment_polarity,チャット感情極性,Factor_Information,情報性・学習価値,0.1089,0.0593,1.8361,0.0663,-0.007,0.225,0.0,0.2043,0.3497
sentiment_polarity,チャット感情極性,Factor_SocialShare,社会的共有性,0.1173,0.0627,1.8721,0.0612,-0.006,0.24,0.0,0.3152,0.1429
subtitle_sentiment_polarity,字幕テキスト感情極性,Target_Satisfaction,総合満足度,-0.0004,0.0552,-0.0068,0.9946,-0.109,0.108,0.0,-0.0011,0.996
subtitle_sentiment_polarity,字幕テキスト感情極性,Factor_Entertainment,娯楽性・没頭感,-0.0109,0.0537,-0.2032,0.8389,-0.116,0.094,0.0,-0.0285,0.8973
subtitle_sentiment_polarity,字幕テキスト感情極性,Factor_Relaxation,リラックス・気軽さ,0.111,0.0532,2.0856,0.037,0.007,0.215,0.3682,0.32,0.1366
subtitle_sentiment_polarity,字幕テキスト感情極性,Factor_Information,情報性・学習価値,-0.2452,0.0575,-4.2644,0.0,-0.358,-0.132,0.0,-0.4601,0.0272
subtitle_sentiment_polarity,字幕テキスト感情極性,Factor_SocialShare,社会的共有性,-0.0981,0.0628,-1.5612,0.1185,-0.221,0.025,0.0,-0.2635,0.2244
speech_rate,発話速度(字幕数/秒),Target_Satisfaction,総合満足度,-0.0173,0.0552,-0.3142,0.7533,-0.126,0.091,0.0,-0.0514,0.8157
speech_rate,発話速度(字幕数/秒),Factor_Entertainment,娯楽性・没頭感,-0.0081,0.0537,-0.1511,0.8799,-0.113,0.097,0.0,-0.0212,0.9235
speech_rate,発話速度(字幕数/秒),Factor_Relaxation,リラックス・気軽さ,-0.1081,0.0522,-2.0709,0.0384,-0.21,-0.006,0.0,-0.3116,0.1478
speech_rate,発話速度(字幕数/秒),Factor_Information,情報性・学習価値,-0.0336,0.0609,-0.5515,0.5813,-0.153,0.086,0.1661,-0.063,0.7751
speech_rate,発話速度(字幕数/秒),Factor_SocialShare,社会的共有性,0.0426,0.0631,0.6751,0.4996,-0.081,0.166,0.0,0.1144,0.6031
pause_ratio,無音割合,Target_Satisfaction,総合満足度,0.0908,0.0549,1.6547,0.098,-0.017,0.198,0.0,0.2692,0.2141
pause_ratio,無音割合,Factor_Entertainment,娯楽性・没頭感,0.1158,0.0532,2.1764,0.0295,0.012,0.22,0.0,0.3021,0.1612
pause_ratio,無音割合,Factor_Relaxation,リラックス・気軽さ,0.1098,0.0522,2.1042,0.0354,0.008,0.212,0.0,0.3165,0.1412
pause_ratio,無音割合,Factor_Information,情報性・学習価値,-0.0025,0.061,-0.0402,0.9679,-0.122,0.117,0.1659,-0.0046,0.9834
pause_ratio,無音割合,Factor_SocialShare,社会的共有性,0.0052,0.0631,0.0819,0.9347,-0.119,0.129,0.0,0.0139,0.9498
sub_comment_similarity,字幕-コメント類似度,Target_Satisfaction,総合満足度,0.0147,0.0552,0.2662,0.7901,-0.093,0.123,0.0,0.0436,0.8435
sub_comment_similarity,字幕-コメント類似度,Factor_Entertainment,娯楽性・没頭感,0.0194,0.0537,0.3609,0.7182,-0.086,0.125,0.0,0.0506,0.8187
sub_comment_similarity,字幕-コメント類似度,Factor_Relaxation,リラックス・気軽さ,-0.0671,0.0536,-1.2529,0.2102,-0.172,0.038,0.365,-0.1934,0.3765
sub_comment_similarity,字幕-コメント類似度,Factor_Information,情報性・学習価値,0.137,0.059,2.3203,0.0203,0.021,0.253,0.0,0.2571,0.2363
sub_comment_similarity,字幕-コメント類似度,Factor_SocialShare,社会的共有性,0.0153,0.0631,0.2417,0.809,-0.108,0.139,0.0,0.041,0.8526
comment_semantic_variance,コメント意味多様性,Target_Satisfaction,総合満足度,-0.0684,0.055,-1.2441,0.2135,-0.176,0.039,0.0,-0.203,0.353
comment_semantic_variance,コメント意味多様性,Factor_Entertainment,娯楽性・没頭感,-0.1338,0.053,-2.5232,0.0116,-0.238,-0.03,0.0,-0.349,0.1026
comment_semantic_variance,コメント意味多様性,Factor_Relaxation,リラックス・気軽さ,-0.1362,0.0519,-2.6234,0.0087,-0.238,-0.034,0.0,-0.3925,0.0639
comment_semantic_variance,コメント意味多様性,Factor_Information,情報性・学習価値,-0.0529,0.0596,-0.8865,0.3753,-0.17,0.064,0.0,-0.0992,0.6524
comment_semantic_variance,コメント意味多様性,Factor_SocialShare,社会的共有性,-0.1227,0.0626,-1.9591,0.0501,-0.245,0.0,0.0,-0.3297,0.1245
hm_mean,平均ヒートマップ値,Target_Satisfaction,総合満足度,-0.0014,0.0552,-0.0251,0.98,-0.11,0.107,0.0,-0.0041,0.9852
hm_mean,平均ヒートマップ値,Factor_Entertainment,娯楽性・没頭感,0.0487,0.0547,0.8887,0.3741,-0.059,0.156,0.3363,0.1269,0.5638
hm_mean,平均ヒートマップ値,Factor_Relaxation,リラックス・気軽さ,0.0955,0.0523,1.8267,0.0677,-0.007,0.198,0.0,0.2754,0.2034
hm_mean,平均ヒートマップ値,Factor_Information,情報性・学習価値,-0.2896,0.0566,-5.1182,0.0,-0.4,-0.179,0.0,-0.5434,0.0074
hm_mean,平均ヒートマップ値,Factor_SocialShare,社会的共有性,-0.0482,0.0631,-0.765,0.4442,-0.172,0.075,0.0,-0.1296,0.5555
hm_max,最大ヒートマップ値,Target_Satisfaction,総合満足度,0.0265,0.0563,0.4711,0.6375,-0.084,0.137,0.2965,0.0786,0.7213
hm_max,最大ヒートマップ値,Factor_Entertainment,娯楽性・没頭感,0.1255,0.0542,2.3167,0.0205,0.019,0.232,0.3414,0.3275,0.1271
hm_max,最大ヒートマップ値,Factor_Relaxation,リラックス・気軽さ,0.1477,0.0528,2.7972,0.0052,0.044,0.251,0.372,0.4259,0.0427
hm_max,最大ヒートマップ値,Factor_Information,情報性・学習価値,-0.2291,0.0578,-3.9656,0.0001,-0.342,-0.116,0.0,-0.43,0.0406
hm_max,最大ヒートマップ値,Factor_SocialShare,社会的共有性,0.0137,0.0631,0.2171,0.8281,-0.11,0.137,0.0,0.0368,0.8675
hm_volatility,ヒートマップ変動性,Target_Satisfaction,総合満足度,0.0276,0.0563,0.4897,0.6244,-0.083,0.138,0.2966,0.0817,0.7108
hm_volatility,ヒートマップ変動性,Factor_Entertainment,娯楽性・没頭感,0.1374,0.053,2.5936,0.0095,0.034,0.241,0.0,0.3585,0.093
hm_volatility,ヒートマップ変動性,Factor_Relaxation,リラックス・気軽さ,0.0646,0.0525,1.2308,0.2184,-0.038,0.168,0.0,0.1863,0.3947
hm_volatility,ヒートマップ変動性,Factor_Information,情報性・学習価値,0.0672,0.0596,1.1276,0.2595,-0.05,0.184,0.0,0.1261,0.5665
hm_volatility,ヒートマップ変動性,Factor_SocialShare,社会的共有性,0.0702,0.063,1.1143,0.2651,-0.053,0.194,0.0,0.1886,0.3889
