Model_Setting,Accuracy,Correct_Count,Total,Balanced_Accuracy,F1_Macro
Default (Baseline),0.391304347826087,9,23,0.3412698412698413,0.32916666666666666
Depth=1 (Stump Ensemble),0.5652173913043478,13,23,0.4841269841269841,0.4362745098039216
"Depth=2, Leaf=2",0.4782608695652174,11,23,0.4126984126984127,0.3839285714285714
"Depth=2, Leaf=3",0.43478260869565216,10,23,0.376984126984127,0.35698924731182796
"Depth=3, Leaf=2",0.391304347826087,9,23,0.3412698412698413,0.32916666666666666
"Depth=2, Leaf=2, Balanced",0.34782608695652173,8,23,0.34523809523809523,0.34285714285714286
"Depth=1, Balanced",0.5652173913043478,13,23,0.5436507936507937,0.5436507936507937
Fixed 2 Feats (Q+Sent) Depth=1,0.6086956521739131,14,23,0.5396825396825397,0.5174825174825175
"Fixed 2 Feats (Q+Sent) Depth=2, Leaf=2",0.6521739130434783,15,23,0.5952380952380952,0.5892857142857143
"Fixed 2 Feats (Q+Sent) Depth=2, Leaf=2, Balanced",0.5217391304347826,12,23,0.5079365079365079,0.50682261208577
