セグメント,comment_rate,grass_ratio,question_ratio,exclamation_ratio,sentiment_polarity,subtitle_sentiment_polarity,speech_rate,pause_ratio,sub_comment_similarity,comment_semantic_variance,n_comments,n_subtitles
1,1.1565,0.0301,0.1729,0.0902,-0.016934,-1.0,0.8,0.0,0.2267,0.9187,133,92
2,0.7761,0.0481,0.1442,0.0673,-0.480033,-1.0,0.8881,0.0,0.3012,0.9463,104,119
3,0.7297,0.0864,0.1111,0.0494,-0.575847,0.0,0.8198,0.0062,0.3159,0.9545,81,91
4,0.75,0.0625,0.1458,0.0208,-0.769231,0.0,0.8594,0.0,0.2567,0.9275,48,55
5,0.7843,0.05,0.1375,0.05,0.222322,-1.0,0.8333,0.0,0.2994,0.9744,80,85
6,0.7171,0.1009,0.1651,0.055,-0.3808,-1.0,0.8224,0.0,0.3004,0.9294,109,125
7,0.7879,0.1154,0.1538,0.0192,-0.5,0.0,0.9242,0.0,0.2762,0.9647,52,61
8,0.9302,0.0875,0.1,0.075,-0.5,0.0,0.6163,0.0,0.2968,0.9263,80,53
9,0.9516,0.0678,0.0847,0.0847,-0.391483,0.0,0.9032,0.011,0.3133,0.9865,59,56
10,1.0893,0.1639,0.1148,0.0492,-0.500089,0.0,0.8571,0.0,0.2782,0.9241,61,48
11,1.1026,0.093,0.2093,0.093,-0.583282,-1.0,0.9487,0.0,0.2949,0.9615,43,37
12,1.0938,0.0714,0.1,0.0571,-0.571552,-1.0,0.8594,0.0,0.2465,0.978,70,55
13,1.0638,0.1,0.12,0.0,-0.272727,0.0,0.9149,0.0,0.2798,1.0,50,43
14,1.2059,0.122,0.2195,0.0976,-0.233276,-1.0,0.9412,0.0,0.2911,1.0,41,32
15,1.0355,0.0685,0.0616,0.0548,-0.812332,0.0,0.8723,0.0,0.304,0.9548,146,123
16,1.3684,0.1026,0.0385,0.0385,-0.419171,0.0,0.7719,0.0,0.2684,0.978,78,44
17,1.7949,0.1571,0.0857,0.0714,-0.466635,-1.0,0.8718,0.0,0.3118,0.973,70,34
18,0.7885,0.1006,0.1676,0.0503,-0.294118,0.0,0.7533,0.0,0.2845,0.9423,179,171
19,0.8806,0.1017,0.1695,0.0339,-0.225806,0.0,0.8657,0.0,0.2973,0.971,59,58
20,0.5556,0.0,0.1,0.05,-0.555431,-1.0,0.8889,0.0,0.2769,1.0,20,32
21,0.8636,0.1053,0.0965,0.114,-0.642977,0.0,0.8636,0.0,0.3246,0.956,114,114
22,1.0811,0.15,0.15,0.025,-0.555409,0.0,0.7568,0.0,0.3108,1.0,40,28
23,0.878,0.1667,0.0556,0.0278,-0.651094,-1.0,0.878,0.0,0.2704,1.0,36,36
