text,label,pred_label,tier
上司と合わず、4月から異動します。異動希望が通ったのは良かったのですが、その上司も異動になりました。仕事自体は割と楽な方で次の異動先は割と忙しいことから、上司が異動するなら正直異動希望出さなくても良かったのかなと思っています。一方で、次の上司が合う人とは限らないところもあるので、異動を希望した自分の判断が正しかったのか分からなくなってしまいました。どんな気持ちでいるべきかアドバイスをお願いします。,Neutral,Positive,層1
まぁ、イケメンならほどほど行けるけどねー,Neutral,Positive,層1
松嶋菜々子の旦那さんよな,Neutral,Positive,層1
つかこうへいさん,Neutral,Positive,層1
よろちと言うもんがよろち！　:pouting_cat:w,Positive,Positive,層1
日本ほど女性の地位のたかい国はないぞ、あほな,Negative,Positive,層1
こんにちは今来ました,Neutral,Positive,層1
ようクルクルする,Neutral,Positive,層1
フフフ,Positive,Positive,層1
マイクがぷつぷつ:studio_microphone:,Neutral,Positive,層1
あたま低く見えるけど,Negative,Neutral,層1
w,Positive,Neutral,層1
ｗ,Positive,Neutral,層1
w,Positive,Neutral,層1
ちゃんとしてる,Positive,Neutral,層1
ホルモン異常がでなければ,Neutral,Neutral,層1
ボクサーになるしかない。,Neutral,Neutral,層1
立花,Neutral,Neutral,層1
年寄り多そうｗｗ,Positive,Neutral,層1
確度ね！,Neutral,Neutral,層1
いないいない,Neutral,Negative,層1
トップ投票だったもんね。,Neutral,Negative,層1
勝ち負け言っている奴は大抵そうか。,Negative,Negative,層1
YouTubeに集中しちゃってるけど,Neutral,Negative,層1
卒業まで待つしかない,Neutral,Negative,層1
小西ひろゆきは成熟しない議員,Negative,Negative,層1
やっぱり,Neutral,Negative,層1
絶対もっと言ってた,Negative,Negative,層1
なんともいえん,Neutral,Negative,層1
コックさんの間違いかな,Negative,Negative,層1
偏差値高い高校の方が自由だよね,Neutral,Positive,層2
グェフ。,Neutral,Positive,層2
いぬやしき,Neutral,Positive,層2
かんぱ〜い,Positive,Positive,層2
聞き上手は話し上手,Neutral,Positive,層2
わこつです,Positive,Positive,層2
(´・∀・｀)ﾍｰ,Positive,Positive,層2
うぃ〜ッス,Positive,Positive,層2
顔は創れる,Neutral,Positive,層2
野菜大事ですね,Neutral,Positive,層2
家事はマシーンにやってもらお,Neutral,Neutral,層2
顔は変わるよ,Neutral,Neutral,層2
坊主でおk,Neutral,Neutral,層2
そうだね,Positive,Neutral,層2
ゲップだったん？,Neutral,Neutral,層2
海外からも、あるんだな!,Positive,Neutral,層2
年取ったら終わりだよね,Negative,Neutral,層2
立花さん,Neutral,Neutral,層2
自分は出来ると思い込んでいる奴,Negative,Neutral,層2
右下ディルドみたいやない？,Neutral,Neutral,層2
ちっとも男女平等では、ないし、男女平等で働けるはずもない。,Negative,Negative,層2
八方塞がり,Neutral,Negative,層2
見たくなくなるよね,Neutral,Negative,層2
どうでもいい感じw,Positive,Negative,層2
難しい話ですね:sweat_droplets:,Neutral,Negative,層2
へー、,Neutral,Negative,層2
言いたいこと言って、あとで謝れば済むと…そんな人格なんだとおもた。,Negative,Negative,層2
ADHDの人,Negative,Negative,層2
周囲は田んぼだらけ,Neutral,Negative,層2
かみ切った,Neutral,Negative,層2
ひろゆき最近楽しそうじゃないよね。営業スマイルの気がするー,Negative,Positive,層3
米を食いまくって糖尿病になろう＼(^-^)／,Neutral,Positive,層3
なるほど,Positive,Positive,層3
なるほど,Positive,Positive,層3
分かりやすっ,Positive,Positive,層3
あざーす,Positive,Positive,層3
運だよな,Neutral,Positive,層3
右下 気になるね,Neutral,Positive,層3
返事早,Neutral,Positive,層3
へずま懐かしいw,Positive,Positive,層3
テレパシーが主流だった時代,Neutral,Neutral,層3
ひげおやじ:exclamation_question_mark:,Neutral,Neutral,層3
普段やってなくて卒業式だけやってきたんじゃなかったっけ？,Neutral,Neutral,層3
利権を取りに行く感じかな,Neutral,Neutral,層3
民意,Neutral,Neutral,層3
つかこうへい？,Neutral,Neutral,層3
あっ,Neutral,Neutral,層3
木村拓哉ってばー,Neutral,Neutral,層3
そうかな,Neutral,Neutral,層3
あるある！,Positive,Neutral,層3
うーん…,Negative,Negative,層3
へぇ,Neutral,Negative,層3
どんまい,Neutral,Negative,層3
うーん、:cat:kisskiss×××,Negative,Negative,層3
糖尿病なるんですか？,Neutral,Negative,層3
しぬやん,Negative,Negative,層3
それならもう大使同士で殴り合いして決めたらいいのに,Neutral,Negative,層3
ひろゆきが最初の動画でペンギンにつつかれてたのもそんな感じか（,Neutral,Negative,層3
雇われでその金額貰うのってごく一部だぞ,Neutral,Negative,層3
エリートやな,Positive,Negative,層3
女子アナが良い例だよねー,Neutral,Positive,層4
ひろゆきさんのポジティブsシンキング好きです！離婚届書いちゃって！さっさと別れればいいんじゃないですか？^_^,Positive,Positive,層4
事務所の力,Negative,Positive,層4
さすが村長:double_exclamation_mark::penguin:,Positive,Positive,層4
毎月がんばれ,Positive,Positive,層4
阿部君は売れとるやん,Neutral,Positive,層4
こんばんは(^-^*)/:heart_suit:,Positive,Positive,層4
王子♡,Positive,Positive,層4
くぴぽー！,Positive,Positive,層4
こうへい,Neutral,Positive,層4
丸川珠代さんとかね。,Neutral,Neutral,層4
親のアカウント使ってるんじゃなくて？:virtualhug:,Neutral,Neutral,層4
ショックアブソーバー,Neutral,Neutral,層4
ぱかだよ？,Negative,Neutral,層4
ホリエモンが秘書になるの？,Neutral,Neutral,層4
:bird:ことり,Neutral,Neutral,層4
学校は社会に出るための訓練の場所だろ？そう思えばどうと言うことは無い,Neutral,Neutral,層4
ホリエモン,Neutral,Neutral,層4
タイトル回収です,Neutral,Neutral,層4
京都混んでそ〜,Neutral,Negative,層4
ホリエモンの手下が議員になったぞ,Neutral,Negative,層4
先生の偏差値低いんかな,Negative,Negative,層4
あの方は、社会知らんだろ？,Negative,Negative,層4
コーンロウは清潔じゃねーよw,Negative,Negative,層4
こわ,Negative,Negative,層4
こわ,Negative,Negative,層4
何故ネイティブ？？,Neutral,Negative,層4
生保はなかなか,Negative,Negative,層4
子供少ないのか、意外,Neutral,Negative,層4
いつも、片足上げてる。カッコいいです:smiling_face_with_smiling_eyes:,Positive,Positive,層5
メイちゃんみたいな髪型だね！,Positive,Positive,層5
いつもよりイケボ！！,Positive,Positive,層5
相棒めっちゃいいよ,Positive,Positive,層5
いいね。その考え方,Positive,Positive,層5
鰻屋に未来はある！美味しかったら！,Positive,Positive,層5
やぁやぁ、今日も可愛いねぇ:smiling_face_with_heart_eyes::two_hearts:,Positive,Positive,層5
阿部寛さんは頭もいいよ。,Positive,Positive,層5
今夜は温かいお風呂にはいるんだよ♡,Positive,Positive,層5
au200xさん、わざわざスパチャでありがとうございます…:double_exclamation_mark:︎丁度使ってないスマホが一台あるのでそれでやります。,Positive,Positive,層5
ハリウッドも？,Neutral,Neutral,層5
FMRIは,Neutral,Neutral,層5
脳神経の機能不全は、今、計測できます,Neutral,Neutral,層5
一応エサで:penguin:誘導避難させてたよね,Neutral,Neutral,層5
キムタクは？,Neutral,Neutral,層5
キムタクは？,Neutral,Neutral,層5
タイ米を輸入した時がありましたね,Neutral,Neutral,層5
東大は？,Neutral,Neutral,層5
タオル巻いてる人は～？,Neutral,Neutral,層5
モールス信号,Neutral,Neutral,層5
戦争はマジでやめてほしい、死ぬ自信しかない,Negative,Negative,層5
学部から恨まれるぞ,Neutral,Negative,層5
日本は自民党政権だと進まないだろうなぁ,Neutral,Negative,層5
嫌すぎる,Negative,Negative,層5
いい歳したオジサンがみっともないと思う。,Negative,Negative,層5
うつのひとにいったらあかんやつ,Negative,Negative,層5
堀江もん、年取ったね～、ジジむさくなった残念!,Negative,Negative,層5
マジで立花さんとは関わりたくない,Negative,Negative,層5
統失は脳に傷は付いてるそうだよ,Neutral,Negative,層5
もう古いよ！その考え,Negative,Negative,層5
